input_image,expected_product,measured_weight_g,barcode_detection_count,decoded_barcodes,barcode_matches,ocr_text,ocr_matches,ocr_top_product,ocr_top_coverage,ocr_top_view,ocr_source,weight_passed,final_status,final_product,action
IMG_5089.jpg,후라보노,,1,,,"하.한호.호.·인호애호발애한 테한대한장 한적다 | (· | 云000 | 수크랄로시),포도당,물면,혼합제제(아라 | 보 | 보고변호:196908603804·우유,복숭아,대두혼입 가능·소비자기본법에 의한 피해 보상 | )),,,() | 5 | 69008600380 | 시컴추출물)·제조판매원·롯데월푸드쉬 서울시 영등포구 양평로21길 25·품목 | 보고변호:19690086003804·우유,복숭아,대두 혼입 가능·소비자기본법에 의한 피해 보상 | 비아검.-단리리시액열트결정셀물스잠유베-시클로스트린 세데이트카르 | ·식품유항:추잉껑·원재료명·설당,베이스(감미료(아세설팔칼륨,수크락로시),포도당,물면,혼합제제(아라 | 본구 | ·125· | 19690086003804 | ( | 7 | 호:19690086003804·우유,복숭아,대두 혼입 가능·소비사기본리 | 시컴추출물·제조판매원·롯데일푸드쉬서울시 | 앱엘넷톨,결정셀물로스 잠유베타-시트 | A이스(감미료(아세설팔칼륨,수 | 19690086003804.，,· | 人·人人 | ,-,,,- | 入召(叭器， | · · | Y- | ·” | 080098006 | Y-由品2尼-品b号Y是是 | 品. | 숭아,대두 혼입 가능·소비자기본법에 의한 피해 보상 | 제조판매원데월푸드쉬서울시 영등포구 양평로21길25·품목 | -톨,결정셀물로스팔유.베타-시로스트린 면아세데이트카르 | 인스(감미료(아세설품칼륨,수크랄로스),포도당,물엇,혼합세제(아라 | 125 | , | (，),,, | 숭아,대두혼입 가능·소세지 | -제조판매원·롯데웰푸드취 서울시 영등푸 | 덴톨,결정셀물로스 팔유.베타-시클로덱스트리 민틸아 | 탕,꺼베이스감미료(아세설픔칼륨,수크랄로스),포도당,물엿,혼합제제( | 叶听· | ( | 럽시컴추출물)·제조판매원·롯데웰푸드쉬 서울시 영등포구 양평로21길 25·품목 | 보고번호:19690086003804·우유,복숭아,대두 혼입 가능·소비자기본법에 의한 피해 보상 | 비아검,알노-단솔리슬리시톨액,엘-톨,결정셀물로스 팔유베타-시클로스트린 멘탈아세데이트카르 | ·식품유형:추잉·원재료명:설당,꺼베이스감미료(아세설팔칼륨,수크로스),포도당,물면,혼합제제(아라 | 본구 | ·2125· | 19690086003804. | .:(() | 7 | 트입시컴추출물)·제조판매원롯데웰푸드쥐서울시 영등포구양평로21길 25·품목 | 보고변호:19690086003804·우유,복숭아,대두 혼입 가능·소비자기본법에 의한 피해 보상 | 비아검 한노-단,리슬리시톨액엘-덴톨, 결정셀물로스 팜유.베타-시클로덱스트린 멘틸아세데이트카르 | ·식품유항:추잉껑·원재료당:실탕,껑베이스감미료(아세설팔길름 수크락로스),포도당,물옛 혼합제제(아라 | 본구 | 人·2125· | 19690086003804 | ,, | (() | 7 | · | ,.발조·6.이호호발애한 호 장 터한장이적 | - | (· | 논국 | 座2号 | 台书号号号180980069路 | -- | 肾 | 합시컴추출물·제조판매원롯데웰푸드취서울시 영등포구 양평로21길 25·품목 | 보고변호:19690086003804·우유,복승아,대두 혼입 가능·소비자기본법에 의한 피해 보상 | 비아검,노만리리시톨액엘,결정셀물로스잠베타-시클로스트린 세데이트카르 | ·식품유항:추잉컴·원재료당-설팅,캠베이스감미료(아세설길룸수크락로스),포도당.물옛혼합제제아라 | 본구 | ·125· | 19690086003804 | :.:(() | 7 | 驿 | 럽시컴추출물)·제조판매원·롯데월푸드쉬 서울시 영등포구 양평로21길 25·품목 | 보고번호:19690086003804·우유,복숭아,대두 혼입 가능·소비자기본법에 의한 피해 보상 | 비아스단리시에열결정셀스팔-시스트 세데이트키르 | 식품유형:추잉껌·원재료명:설탕,꺼베이스(감미료(아세설핌칼륨,수크랄로시),포도당,물엿,혼합제제(아라 | 본구 | · 125 | 19690086003804 | , | 7 | 사컴추출물·제조산매원롯데일푸드취서울시 영등포구 잉평로21길 25·품목 | 보고번호:19690086003804·우유,복숭아,대두 혼입 가능·소비자기본법에 의한 피해 보상 | 비아리에열결정물스참-시로스트 트터이트키르 | 식품유형:추잉껌·원재료명:설탕,베이스(감미료(아세설품칼륨,수크랄로스),포도당,물옛,혼합제제(아라 | 본구 | 125 | 1969008600380 | (,, | 7 | 럽시컴추출물)·제조판매원·롯데월푸드쉬 서울시 영등포구 양평로21길 25·품목 | 보고번호:19690086003804·우유,복숭아,대두 혼입 가능·소비자기본법에 의한 피해 보상 | 비아스단리시에열결정셀스팔-시스트 세데이트키르 | 식품유형:추잉껌·원재료명:설탕,꺼베이스(감미료(아세설핌칼륨,수크랄로시),포도당,물엿,혼합제제(아라 | 본구 | · 125 | 19690086003804 | , | 7 | 사컴추출물·제조산매원롯데일푸드취서울시 영등포구 잉평로21길 25·품목 | 보고번호:19690086003804·우유,복숭아,대두 혼입 가능·소비자기본법에 의한 피해 보상 | 비아리에열결정물스참-시로스트 트터이트키르 | 식품유형:추잉껌·원재료명:설탕,베이스(감미료(아세설품칼륨,수크랄로스),포도당,물옛,혼합제제(아라 | 본구 | 125 | 1969008600380 | (,, | 7 | 파토럽시컴추출물)·제조판매원·롯데웰푸드쉬 서울시 영등포구 양평로21길 25·품목 | 보고번호:19690086003804·우유,복숭아,대두 혼입 가능·소비자기본법에 의한 피해 보상 | 비아검,찬브-단리달리시톨액엘톨,결정셀물로스 팔유.베타-시클로스트린 멘탈아세데이트카르 | ·식품유형:추잉껌·원재료명:설탕,꺼베이스감미료(아세설팔칼륨,수크랄로시),포도당,물옛,혼합제제(아라 | 본구 | ·2125· | 19690086003804 | , | 7 | · | .호··이호호호1어애· 호 장한장보컴적으인한 | - | 터버버이  스 | 논국 | 市品品居工2 | 全书时堂：1号水堂：号路06 | -- | 肾 | 파토럽시컴추출물)·제조판매원·롯데웰푸드쉬 서울시 영등포구 양평로21길 25·품목 | 보고번호:19690086003804·우유,복숭아,대두 혼입 가능·소비자기본법에 의한 피해 보상 | 비아검,찬브-단리달리시톨액엘톨,결정셀물로스 팔유.베타-시클로스트린 멘탈아세데이트카르 | ·식품유형:추잉껌·원재료명:설탕,꺼베이스감미료(아세설팔칼륨,수크랄로시),포도당,물옛,혼합제제(아라 | 본구 | ·2125· | 19690086003804 | , | 7 | · | .호··이호호호1어애· 호 장한장보컴적으인한 | - | 터버버이  스 | 논국 | 市品品居工2 | 全书时堂：1号水堂：号路06 | -- | 肾 | 고베싱.리고베-조청·압연닉 | F | ..호호조·이호호발호애한 리장대리장한리한적이호호 | 座工工2号 | 5 | - | 台湖书：10：：1时号：1号002 | ( | 다 | - | 886. | 座2 | 5 | -- | 图书：1书1号号号90站 | 고베싱.리고베-조청·압연닉 | F | ..호호조·이호호발호애한 리장대리장한리한적이호호 | 座工工2号 | 5 | - | 台湖书：10：：1时号：1号002 | ( | 다 | - | 886. | 座2 | 5 | -- | 图书：1书1号号号90站 | 국 | ·스호배호애호테장 한활적6호 | -”- | 에 | 实：1号0号8009800号·站 | 星工人 | Y-B品Y2景居尼尼著-品bY是是0 | ※ | 다 | ·호1 장한학달한:호 | · | -- | 말말베이청· 청연 | 福 | 话 | 全里书：1900：号000号：上 | 座诗人 | Y-B品Y2尼-品bY2是h是 | · | 국 | ·스호배호애호테장 한활적6호 | -”- | 에 | 实：1号0号8009800号·站 | 星工人 | Y-B品Y2景居尼尼著-品bY是是0 | ※ | 다 | ·호1 장한학달한:호 | · | -- | 말말베이청· 청연 | 福 | 话 | 全里书：1900：号000号：上 | 座诗人 | Y-B品Y2尼-品bY2是h是 | · | 텐브 발터 연연제리발 | · | - | 보.그니링 클부리.파버 | 剑特路 | 限凯书212公 | 了 | () | · | 브 | 이( | 数站 | 限古225了器 | 没了 | () | 3 | 한.호.호,인··스조.호발호발한 학방한 보한장보이적한배한 | ·S1· | 이-- | ( | PA | 009800 | 停居人号号22 | 0- | 이이이이  한0이 | · | - | ( | 福 | 图定0098009 | 座居人品品号品2 | 30Y023YY-3'Y-2Y2是0 | 국 | ·호 학장한한으0한으호 | - - | 말베  연 | 意 | 长片 | 全：196品0时号168000号： | 星居居人 | Y-品Y2尼尼寄-品b号Y2是0 | 국 | ·스호1버장한활6호 | Y | … 로 | 연 | 城 | 巧 | 全书：19号时0号品号0路0900号： | 矿人 | Y-B品Y居尼著-oY是h是0 | 텐브연발연연터·스위대기셋발 | · | 이   (이 | 剑特路 | 限古书号号212一 | 了 | 人) | · | 이 | 이 (이 | 剑 | 限如书专行125器 | () | 텐 방연 연터 스리발 | - | 고닉싱 (터리터말 | 台际行 | 限凯书品号212公器 | 没 | 人) | 이이이 | · | 이 (이 | 剑 | 限世凯书品12公品 | ) | 호1990086003804·우유,복숭아,대두 혼입 가능·소비사기본 | 업사컴주줄물)·세조판매원·롯대푸드쥐 서울시 | 놀액엘-덴톨,결정셀물로스 함유베타-시 | A이스(감미료(아세설범칼륨,수 | 19690086003804.,· | ·人 | -,,,- | 入召呢(呐器， | 219690086003804·우유,복숭아,내누 혼입 가능·소비사카본 | 업사컴주줄물)·서조판매원·롯데푸드쥐 서울시 | 액엘-덴톨,결정셀물로스 잠유베타-사 | M이스(감미료(아세설팔칼륨,수 | 19690086003804.，· | · | 7,2-,22,,- | 入召呢(叭器， | 숭아,대두혼입 가능·소비자 | 제조판매원·롯데웰푸드쥐 서울시 영등포 | 멘톨 결정셀물로스 팔유 베타-시클로덱스트린 멘틸아 | 탕,꺼베이스감미료(아세설픔칼륨,수크랄로스),포도당,물엿,혼합제제(C | 叶听· | 승아.대두혼입가능·소비지 | 제조판매원·롯데웰푸드취 서울시 영등 | 덴톨,결정셀물로스 팔유 베타-시클로덱스트린 멘틸아 | 탈꺼베이스감미료(아세설픔칼륨,수크락로스)포도당,물엿 혼합제제(C | 叶听·T | ( | 숭아,대두 혼입 가능·소비자기본법에 의한 피해 보상 | 제조판매원·롯데웰푸드쥐 서울시 영등포구 양평로21길 25·품목 | 멘톨,결정셀물로스,잠유.베타-시클로텍스트린,멘틸아세데이트 카르 | (감미료(아세설핑칼륨,수크랄로시),포도당,물엇,혼합제제(아라 | 125 | ,-, | ((,),,( | 숭아,대두 혼입 가능·소비자기본법에 의한 피해 보상 | 제조판매원 롯데웰푸드쉬 서울시 영등포구 양평로21길 25·품목 | 덴톨,결정셀물로스 잠유.베타-시클로텍스트린 멘탈아세테이트카르 | (감미료(아세설품킬름수크락로스),포도당,물면 혼합세제(아라 | 125 | ,,，-, | (,),,,( | 로(아세설팔칼륨,수크랄로시),포도당,물명,혼합제제(아라 | 르스팔유베타-시로스트 멘세데이트카르 | 웰푸드취 서울시 영등포구 양평로21길 25·품목 | 마능·소비자기본법에 의한 피해 보상 | (,),() | ， | 125 | 로(아세설품칼륨,수크랄로시),포도당,물엿,혼합제제(아라 | 스팔유베타-시로스트린멘탈세데이트키르 | 웰푸드취 서울시 영등포구 양평로21길 25·품목 | 이능·소비자기본법에 의한피해 보상 | (,() | ， | 25 | 숨아,대두혼입 가능·소비지 | 제조판매원·롯데웰푸드쉬 서울시 영등푸 | -덴톨,결정셀물로스 팔유. 베타-시클로텍스트린 멘틸이 | 탐,꺼베이스(감미료(아세설핌칼륨,수크랄로스)포도당,물엿, 혼합제제( | 叶· | 숭아대두혼입 가능·소비지 | 제조판매원 롯데웰푸드쥐 서울시 영등필 | 덴톨 결정셀물로스 팔유 베타-시클로텍스트린 민틸아 | 탈꺼베이스(감미료(아세설핑칼륨 수크랄로스)포도당,물엿 혼합제제 | 啡听· | ( | J03804·우유,복숭아,대두 혼입 가능·소비자기본 | 사컴주출물·저조판매원·롯데월푸드쥐 서울시 | 액엘-덴톨,결정실물로스함유베타-시 | M이스(감미료(아세설팔칼륨, | 03804·，，· | ·: | -,, | 凶召啡(爸2器， | 03804·우유,복숭아,대두혼입 가능·소비자기본 | 사컴주출물·제조판매원·롯데월푸드쥐 서울시 | 액엘-덴톨,결정실물로스 함유베타-시 | 이스(감미료(아세설팔칼륨,수 | 003804·，，· | · | -, | 入召呢(闪， | 숨아,대두 혼입 가능·소세지 | 제조판매원·롯데웰푸드취 서울시 영등푸 | 덴톨,결정셀물로스 팔유. 베타-시클로택스트린 멘틸이 | ]스감미료(아세설핌칼륨,수크랄로시),포도당,물옛,혼 | 叶· | 2 | ((,),, | 숨아,대두혼입 가능·소지 | 제조판매원·롯데웰푸드취 서울시 영등 | -덴톨,결정셀물로스 팔유 베타-시클로텍스트리멘틸아 | 이스감미료(아세설핌칼륨,수크릴로시),포도당,물옛혼 | 叶· | 从召(,人),, | 86003804·우유,복숭아,대두 혼입 가능·소비 | 사추출물·제조판매원·롯데헬푸드쉬 서울시 | 액엘-덴톨,결정셀물로스함유베타-사 | 이스(감미료(아세설팔륨,T | 86003804. | · | ,,, | 入召呢(刚2器， | 86003804·우유,복숭아,대두혼입 가능·소 | 시컴추출물)·제조판매원롯데월푸드취 서울시 | 액덴,결정셀물로스잠유베타-시 | 이스(감미료(아세설팔칼륨,T | 86003804·，， | ·:人 | ,, | 入召呢(爸器， | 숨아,대두혼입 가능·소세자 | -제조판매원·롯데웰푸드쉬 서울시 | 결정셀물로스팔유베타-시틸로택스 | 신아세설팔칼륨,수크람로 | ，· | ，- | N,今2 | 승아,대두 혼입 가능·소비자 | 실정실물로스팔유베타-시트로택스 | A아세설팔칼륨 수크락로 | . | 然，明一-人 | N，2",후라보노,후라보노,0.8153,view3,paddleocr_boost,,CONFIRMED,후라보노,CONFIRMED
IMG_5080.jpg,후라보노,,3,8801062323159,후라보노,"0909-020-080 | BAEUR | oa/d | 19701 | x | 연터증식 | 2091 11.016 | 288 | 080-024-6060 | 8 28 | p i.co | 0l 1399 | 三器b | Y | 7.E06 | 3159 | 8801062132315911 | 지명ㅅ기 | 27.01.08.E06 | ·초비기한민기일까지(연원일  고객지원센터 | ""여의고 유통 중 변직품은 구입 상적 | 까지 | hup://wwlottewellood.com | 롯데웰푸드 | 080-024-6060 | 수산자 요금 부당 | 8801062323159 | 1 | 27.01.08.E06 | ( | 网 | 闪 | http://www.lottewellfood.com | 吴智平三 | 080-024-6060 | B | 8801062113231591 | ·지l과에ㅅ기 | 27.01.08.E06 | '여워시고 유토 중 변직품은 구입 상적 | ·소비기한측면 표기일까지(연 월일) | 당식품 인은는 국번 없이 1399 | 유동,중,언실도 구업 싱심 | 까지 | 롯데웰푸드 | 고객지원센터 | http://wwlottewellfod.com | 080-024-6060 | 수산자 요금 부당 | 8801062323159 | 27.01.08.E06 | MY1 30 1 | ·() | 139 | 呐 | 吴引智平兰 | http://www.lottewellfood.com | 080-024-6060 | B | 0600-024-810 | B간 운영구수 | M | woooamaoo/dmo | 이 이 극당지 | ll | C이 | 080-024-6060 | 828 | 全制 您类全粉会限 | p t.co | 36 | 弓支雁b | BY    30 L | 尚 | ppooamaooy/dmo | ll | 2011.1.1.6 | 880106213231591 | uqt | 三支属b昔 | 全子测分品 | ·Y | 70 | 8801062323159 | W씨MM/da | l | T바HY | 三支雁b | hp:/mwjr | LYDMElY | 비여 | wwM/d | B이 | l | 2011 .1.1.6 | 880106211323159 | 지과어시기를 | 三支易b | hup:/w/hr | 全子测科设 | 70 | 8801062323159 | 1YH1 | 562113231591 | Ulaㅅ기? | 269 | .08.E06 | g | '여워있고 유토 주 버직푸은 구인 사저 | ·조비기한 측면 표기일까지(연월 일) | .앞동중 만실굼은.구입 상심 | 까지 | 롯데웰푸드 | http://wwlottewellood.com | 고객지원센터 | 080-024-6060 | 수산자요금 부당 | 062323159 | YE | 209 | .08.E06 | 可 | M  0 | ·() | 啊 | 吴引智平兰 | http://www.lottewellfood.com | 080-024-6060 | B | 362113231591 | ·지a에시기? | 269 | 1,08,E06 | 수에 | '여워비고 유토 주 변직품으 구이 사저 | ·조비기한 측면표기일까지(연월일 | 호축인실대 구의 상심 | 작품 신요는 국번 없이 1399 | 까지 | htp./wwlotewellood.com | 롯웰푸드 | 평고객지원센터 | 080-024-6060 | nel | 062323159 | 20 9 | .08.E06 | 4 | M | () | 71O020TH00 | 1399 | 呐 | http://www.lottewelfood.com | 吴可智平三 | 080-024-6060 | 080-024-6060 | 수신자 요금 부당 | 고객지원센터 | htp://wwlottewellood.com | F식품 신고는 국번 없이 1399 | 롯데일푸드 | A | el | [Dnoa1 | 정이리투이 | 607 | DLOHIY | 080-024-6060 | B | http://www.lottewellfood.com | 1399 | 吴中智平兰 | 全) | 001702700 | BY 0C YA立 当0 Lil. | o | 602 | LYNHENY | 080-024-6060 | 수신자 요강 부당 | 고객지원센터 | hup:/wwlottewellood.com | F시품 신고는 국번 없이 199 | 롯데일푸드 | 5 | l | DoF1En호O | 0 | C | WF | LOHIR | 080-024-6060 | B R | http://www.lottewelfood.com | 1399 | 吴中智平三 | C | ） | 001702700 | 0 | YY 10C OIYA 立 当O Lilth | k | LYDHENY | 23159 | ""과서어사 | 미 | [백ㅎm | E06 | x | 한 | 4 | O토 | JIO | 칙 | 0 | 3 | 71호 | Z2 | H | 까지 | snu | e | 롯데웰푸드 | http://wwlottewelloodco | 고객지 | 080-0 | 23159 | 可 | E06 | 大 | 司 | L | OE | JIO. | 元 | à | 5 | TO | 7L | 立 | 呐 | On | l | 吴智平兰 | http://www.lottewellfood.co | 卫大 | 080-0 | 23159 | g | 여의세고유통 중 변증 | E06 | 옷 | 71호 | 중면실 | H | 까지 | 5신고는 국도 | snu | 롯데웰푸드 | htp://wwlottewelloodco | 고객지 | 080-0 | 23159 | 0 | 張 | E06 | 大 | TO | 0吃 | Ⅱ | 呐 | 吃光 | On | 吴引智平兰 | http://www.lottewellfood.co | 卫大 | 080-0 | 811801062113231591 | 지I | 27.01.08.E06 | 본 | ·조비기한 | 까지 | 8801062323159 | 川 | 27.01.08.E06 | · | 帆 | 811801062323159 | 지Il | 27.01.08,E06 | 및본 | ·조비기한 | 까지 | 8801062323159 | 川 | 27.01.08.E06 | ·福 | 呐 | 209 | 에 | naae | O토 | 화 | 주 벼지프으 그이 사저 | 71호 | 중먼실줌은 ,구업 싱심 | 표 | onu | 롯데웰프 | 1300 | M | 209 | M | 玉 | OE | 向 | TTo | OLTH0 | 立 | Ony | 吴引智 | 1300 | 26 S | naar | 4T6 | O토 | 화 | 버지프으 구이 상지 | 중 | 4 | L | 질대LT 정심 | onu | 신고는 | 롯데웰프 | 국민 | 와 | 1399 | 비 | zo9 | 金行 | HTO | OE | 回 | O | Ⅱ | L | 120CT800 | ony | E | 吴印制 | 花 | O | 1399 | 出 | 209 | 에 | naae | O토 | 화 | 주 벼지프으 그이 사저 | 71호 | 중먼실줌은 ,구업 싱심 | 표 | onu | 롯데웰프 | 1300 | M | 209 | M | 玉 | OE | 向 | TTo | OLTH0 | 立 | Ony | 吴引智 | 1300 | 26 S | naar | 4T6 | O토 | 화 | 버지프으 구이 상지 | 중 | 4 | L | 질대LT 정심 | onu | 신고는 | 롯데웰프 | 국민 | 와 | 1399 | 비 | zo9 | 金行 | HTO | OE | 回 | O | Ⅱ | L | 120CT800 | ony | E | 吴印制 | 花 | O | 1399 | 出 | Uaa하 | 내 | 으토 주 벼지품은 구인 사저 | 화 | 2 | 7IO | 중먼실T 정 | 의 | 2 | 2 | 국민 | 데웰푸드 | 비 | O | 고객지원센터 | ewellood.com | 080-024-60 | 玉行 | 心 | 向 | 2 | T0 | OL20CTH00 | 10 | 2 | 2 | 礼 | 智平兰 | 人 | e | ewellfood.com | 080-024-60 | '의비고 유통 중 변직품은 구입 상정 | 호 | 중면실T의 상심 | 0 | 신고는 | 의 | K | 국ㄲ | 1399 | 데웰푸드 | 2 | H | 고객지원센터 | ewelloodcom | 080-024-60 | o | OLOCTHO0 | 0 | 立 | CC | 10 | 餐 | C | 1399 | 智华兰 | 2 | H人 | ewelfood.com | 080-024-60 | Uaa하 | 내 | 으토 주 벼지품은 구인 사저 | 화 | 2 | 7IO | 중먼실T 정 | 의 | 2 | 2 | 국민 | 데웰푸드 | 비 | O | 고객지원센터 | ewellood.com | 080-024-60 | 玉行 | 心 | 向 | 2 | T0 | OL20CTH00 | 10 | 2 | 2 | 礼 | 智平兰 | 人 | e | ewellfood.com | 080-024-60 | '의비고 유통 중 변직품은 구입 상정 | 호 | 중면실T의 상심 | 0 | 신고는 | 의 | K | 국ㄲ | 1399 | 데웰푸드 | 2 | H | 고객지원센터 | ewelloodcom | 080-024-60 | o | OLOCTHO0 | 0 | 立 | CC | 10 | 餐 | C | 1399 | 智华兰 | 2 | H人 | ewelfood.com | 080-024-60 | 818010623231591 | 지I | 27.01.08.E06 | 및본서 | 초 | 8801062323159 | 川 | 27.01.08.E06 | 大 | 880106213231591 | 지l | 27.01.08.E0 | 및본시 | ÷ | 8801062323159 | 27.01.08.E0 | 天 | 818010623231591 | 지I | 27.01.08.E06 | 및본서 | 초 | 8801062323159 | 川 | 27.01.08.E06 | 大 | 880106213231591 | 지l | 27.01.08.E0 | 및본시 | ÷ | 8801062323159 | 27.01.08.E0 | 天 | F식품 신고는 국번 없이 1399 | J | 면표기일까지(연월 일) | 롯데웰푸드 | nO이LLT보 이 | 의비고 유통 중 변직품은 구입 상점 | 6 07 | hu | 1399 | 画 | () | 吴中智平三 | TO0L20CT800 | M | 602 | LYIN | 3 | N | noETn | C이 | 50개 | xu | 国 | ラ属b | 001 70270 01 | YY l0C OYA立 当O Lilh. | 602 | LYIN | llu | NCRY | 2911.1.0.6 | 122188 | LIIY | 70 | 声 | 159 | l | NlCRY | 23 101906 | 191720711188 | LII2 | A | 7.E0 | 声 | 1159 | llu | NCRY | 2911.1.0.6 | 122188 | LIIY | 70 | 声 | 159 | l | NlCRY | 23 101906 | 191720711188 | LII2 | A | 7.E0 | 声 | 1159 | 난류유5구업 | -구입상점 | snu | 없 | 영S | 1399 | 5 | H | 푸드 | 고객지원센터 | tood.com | 080-024-6060 | 수신사 요금부당 | L20CT8 | OY | 0 | 00 | 1399 | 国 | 出人 | 平兰 | food.com | 080-024-6060 | B | [상적 | ILC | 에 | 영S | 1399 | 2 | 푸드 | 5 | H | 고객지 | 080-024-6060 | |원센터 | loodcom | U신ne | 人 | H | O | 00 | 1399 | 2 | 华兰 | 心 | 出 | 080-024-6060 | food.com | B | 269 | [여잊ㅎ하 | 유토 주 변지푸은 구인 사저 | 83 | i1호 | 중먼실지의 정심 | 표 | TC | on | 롯데웰푸 | 1399 | 20 9 | C0 | 汉 | To | OLTHO0 | 开 | TC | ony | 吴引智平 | 1399 | 0 | 209 | '여워비고 유토 중 변직품은 구입 상점 | 83 | iO | 축먼실굼T브 정심 | snu | 롯데웰푸 | 0 | 20 9 | M | C0 | TTO | OLOCTHOD | OY | 吴明智华 | O | 통 | Kloi | A | 4호 | (지프으 | H | 1상점 | OPnu | 어 | snu | 궁조 | H | 영s | ㄲ인 | 1399 | 드 | 고 | 0 | 三 | KIOI | 汉 | 的 | TTo | Ⅱ | Ⅱ | 可 | 活 | On | 5 | R | 00 | 2 | 1399 | 国 | E | 7 | O | Klor | 41호 | i | l0 | 1사저 | 0 | 어 | onu | H | 어 | 영S | L | 1399 | 비 | 드 | O | KIOI | To | 立 | 福 | 10 | a | 百 | ON | 日 | 0 | 00 | 汇 | 泰 | 1399 | H | 三 | 880106213231591 | 지과 | 27.01.08.E06 | 8801062323159 | 27.01.08.E06 | 880106213231591 | 지과 | 27.01.08,E06 | 및본사 | 8801062323159 | 27.01.08.E06 | 可人 | 까지 | 이까시연월일) | e | 롯데웰푸드 | http://wwlottewellood.com | 080 | 수 | 呐 | () | e | 国 | 吴智平兰 | http://www.lottewellfood.com | 080 | 4 | 까지 | e | 이일까사연일일) | 롯데웰푸드 | htp.//wwlottewellood.com | 080 | + | 呐 | e | ( | 画 | 吴印智平三 | http://www.lottewelfood.com | 080 | 4 | 까지 | 이까시연월일) | e | 롯데웰푸드 | http://wwlottewellood.com | 080 | 수 | 呐 | () | e | 国 | 吴智平兰 | http://www.lottewellfood.com | 080 | 4 | 까지 | e | 이일까사연일일) | 롯데웰푸드 | htp.//wwlottewellood.com | 080 | + | 呐 | e | ( | 画 | 吴印智平三 | http://www.lottewelfood.com | 080 | 4 | 의CAY· | 291181.0.6 | 89122088 | LIN | 70 | Y声 | 159 | 位 | LCAY. | 2기1 10.06 | 1E2.188 | LIN | OCAY | 70 | Y | 59 | 서영 | 00-220-080 | wl o | 나 | 임 E오그모호 | MR | 제제C이 | oi | O | Y | 080-024-60 | welfdcom | 国 | 三立路 | 00A170270 | YR | Y10C A | Of | 30 | 4 | 제영 | 09-120-080 | wlnpooa | 19 | 백루 | LR | POE1TED | 2 | 0 | K | Jo | YY OCORIA | 0 | 스 | β | PL우T | B居E | 080-024-60 | veftdcom | |139 | ラ式器 | YR | 00A17027 | 2 | 0 | 10 | 10 | YY 10C YA | 20 | D | 0 | Lo | 서영 | 00-220-080 | wl o | 나 | 임 E오그모호 | MR | 제제C이 | oi | O | Y | 080-024-60 | welfdcom | 国 | 三立路 | 00A170270 | YR | Y10C A | Of | 30 | 4 | 제영 | 09-120-080 | wlnpooa | 19 | 백루 | LR | POE1TED | 2 | 0 | K | Jo | YY OCORIA | 0 | 스 | β | PL우T | B居E | 080-024-60 | veftdcom | |139 | ラ式器 | YR | 00A17027 | 2 | 0 | 10 | 10 | YY 10C YA | 20 | D | 0 | Lo | 위CRY· | 811221188 | EIIY | C | Y | 59 | 区 | ICRY· | 18322911188 | LIL | OCAY. | Y | 1159 | 고객지원센터 | 080-024-6060 | lcom | 수산자 요금 부당 | 080-024-6060 | com | BR | 고객지원센터 | 080-024-6060 | lcom | 수신지요부당 | 080-024-6060 | Icom | B ER",후라보노,후라보노,0.6933,view1,paddleocr_boost,,CONFIRMED,후라보노,CONFIRMED
IMG_4911.jpg,후라보노,,0,,,ORIGINAL | 상쾌한 에티켓 | 에티켓 | OPEN | ALLT | FLAVONO,후라보노,후라보노,1.0,view2,paddleocr_preproc,,CONFIRMED,후라보노,CONFIRMED
IMG_5107.jpg,오레오,,0,,,"코코아분말4.6% | NET WT. 100 g | [500 kcal(50 g × 2packs)] | 신규 알레르기정보: 뒷면확인 | 0 | 이미지 사진 | Chocolate Sandwi | NABISCO | 4.6% | NET WT. 100 g | [500 kcal(50 g× 2packs)] | EO | Chocolate Sandwi | NABISCO | NABISCO | @ | OREO | 코코아분말4.6% | Chocolate Sandwi | NET WT. 100 g | 이미지사진 | [500 kcal(50 g × 2packs)] | 신규알레르기정보:뒷면확인 | NABISCO | R | OREO | 4.6% | Chocolate Sandwi | NET WT. 100 g | [500 kcal(50 g × 2packs)] | NABISCO | @ | OREO | 코코아분말4.6% | Chocolate Sandwi | NET WT. 100 g | 이미지사진 | [500 kcal(50 g × 2packs)] | 신규알레르기정보:뒷면확인 | NABISCO | R | OREO | 4.6% | Chocolate Sandwi | NET WT. 100 g | [500 kcal(50 g × 2packs)] | 코코아분말4.6% | NET WT. 100 g | [500 kcal(50 g × 2packe | 이미지 사진 | andw | 4.6% | NET WT. 100 g | [500 kcal(50 g × 2packs)] | andwi | 코코아분말4.6% | NET WT. 100 g | [500 kcal(50 g × 2packs)] | 신규 알레르기정보: 뒷면확인 | 이미지 사진 | andwh | 4.6% | NET WT. 100 g | [500 kcal(50 g × 2packs)] | andwi | 이미지 사진 | Chocolate Sandwi | NABISCO | Chocolate Sandwi | NABISCO | 이미지사진 | Chocolate Sandwi | Chocolate Sandwi | Chocolate Sandw | 이미지사진 | Chocolate Sandw | Chocolate Sandwi | 이미지 사진 | Chocolate Sandwi | EO | EO | EO | EO | EO | EO | EO | EO | NET WT. 100 g | [500 kcal(50 g × 2packs)] | 신규알레르기정보:뒷면확인 | NET WT. 100 g | [500 kcal(50 g × 2packs)] | NET WT.100 g | [500 kcal(50 g × 2packs)] | 신규 알레르기 정보:뒷면확인 | NET WT. 100 g | [500 kcal(50 g × 2packs)] | [500 kcal(50 g × 2packs)] | 신규 알레르기정보:뒷면확인 | [500 kcal(50 g × 2packs)] | [500 kcal(50 g x 2packs)] | 신규 알레르기정보:뒷면확인 | [500 kcal(50 g ×2packs)] | 코코아분말4.6% | NET WT. 100 g | 00 kcal(50 g × 2packs)] | 4.6% | NET WT. 100 g | 00 kcal(50 g × 2packs)] | 코코아분말4.6% | NET WT. 100 g | 00 kcal(50 g × 2packs)] | 4.6% | NET WT. 100 g | 00 kcal(50 g×2packs)] | 코코아분말4.6% | NET WT. 100a | 4.6% | NET WT. 100 a | 코코아분말4.6% | NET WT. 100a | 4.6% | NET WT, 100 g | 코코아분말4.6% | NET WT. 100a | 4.6% | NET WT. 100 a | 코코아분말4.6% | NET WT. 100a | 4.6% | NET WT, 100 g | REO | REO | NET WT. 100 g | [500 kcal(50 g × 2packs)] | NET WT. 100 g | [500 kcal(50 g× 2packs)] | NET WT.100 g | [500 kcal(50 g × 2packs)] | NET WT. 100 g | [500 kcal(50 g×2packs)] | NABISCO | NABISCO | NABISCO | NABISCO | 이미지사진 | 이미지 사진 | andwie | andwid | andwic | andwie | andwie | andwid | andwic | andwie | andwie | andwid | andwie | andwie",오레오,오레오,0.9237,view3,paddleocr_boost,,CONFIRMED,오레오,CONFIRMED
IMG_5095.jpg,오레오,,1,8801037088168,오레오,"080-023-9114 | http://www.dongsuh.co.kr | 소비기한 확인하여 식품선택 올바르게 | 자연은아름답게환경은깨끗하게 | 81180103711088168 | 고객상담실 | CAE | IBoB | (×0)600융7 | OCS C | 정 | %. | %17 | %6↓ | %.6 | %37 | 8 | O( | 1000 | 6 5 | 9 | 1116 | 659 | 6W 0 | 콜레스테롤 | 탄수화물 | 1봉지당 | 나트륨 | n | 단백질 | 기준이으로 개인의 필요 열량에 따라 다를 수 있습니다. | YIA | 이 | 연연부연배기 | 전세계인들에게 가장 사랑받는 쿠키 브랜드 | NABISCO | 080-023-9114 | http://www.dongsuh.co.kr | 8""801037""088168 | ACC | 量 | 老 uH0 (0 g292号了7) | a | 1 | 11% | 11% | 19% | 21% | 43% | 0% | 46 | 1qal | 1 m | 35g | g | 11.5g | 6.59 | 19 | O mg | 百食品品 | HY | Y | 1 | 4 | 金) | WCW | 何品片尿 | 612 | 全号卫员了了 | NABISCO | 전세계인들에게 가장 사랑받는 쿠키 브랜드 | NABISCO | 영양정보 | 총 내용량 100 g(50 g×2봉지) | 1봉지(50 g)당 250 kcal | 식품인전관리인증 | 고객상담실 | 1봉지당 | 1일영양성분 기준치에 대한 비율 | HACCP | ® | 나트륨 | 080-023-9114 | 210mg | 탄수화물 | 11% | 식품의익생인진지 | http://www.dongsuh.co.kr | 35 g | 11% | 당류 | 19g | 자연은아름답게환경은깨끗하게 | 19% | 11.59 | 소비기한 확인하여 식품선택 올바르게 | 르랜스지방 | 21% | 09 | 포화지방 | 6.5g | 43% | 콜레스테롤 | 초콜릿샌드위치쿠키 | ccm | Omg | 소비자중심 | 단백질 | 0% | 29 | 4% | 공정거래위원화 | 1일 영양성분 기준치에 대한 비율(%)은2.000 kcal | 기춘이으로 개인의 필요 열량에 따라 다를 수 있습니다. | 8180103711088168 | NABISCO | 100 g(50 g×2) | 1(50 g) 250 kcal | 1 | HACCP | R | LE | 080-023-9114 | 210 mg | 11% | http://www.dongsuh.co.kr | 35 g | 11% | 19g | 19% | 11.5g | 入 | 21% | 0g | 正 | 6.5 g | 43% | ccm | 0 mg | 0% | 2g | 4% | 1  ) 2,00 | 8801037088168 | 전세계인들에게 가장 사랑받는 쿠키 브랜드 | NABISCO | 영양정보 | 총 내용량 100 g(50 g×2봉지) | 1봉지(50 g)당 250 kcal | 식품인전관리인증 | 고객상담실 | 1봉지당 | 1일영양성분 기준치에 대한 비율 | HACCP | ® | 나트륨 | 080-023-9114 | 210mg | 탄수화물 | 11% | 식품의익생인진지 | http://www.dongsuh.co.kr | 35 g | 11% | 당류 | 19g | 자연은아름답게환경은깨끗하게 | 19% | 11.59 | 소비기한 확인하여 식품선택 올바르게 | 르랜스지방 | 21% | 09 | 포화지방 | 6.5g | 43% | 콜레스테롤 | 초콜릿샌드위치쿠키 | ccm | Omg | 소비자중심 | 단백질 | 0% | 29 | 4% | 공정거래위원화 | 1일 영양성분 기준치에 대한 비율(%)은2.000 kcal | 기춘이으로 개인의 필요 열량에 따라 다를 수 있습니다. | 8180103711088168 | NABISCO | 100 g(50 g×2) | 1(50 g) 250 kcal | 1 | HACCP | R | LE | 080-023-9114 | 210 mg | 11% | http://www.dongsuh.co.kr | 35 g | 11% | 19g | 19% | 11.5g | 入 | 21% | 0g | 正 | 6.5 g | 43% | ccm | 0 mg | 0% | 2g | 4% | 1  ) 2,00 | 8801037088168 | 080-023-9114 | http://www.dongsuh.co.kr | 소비기한 확인하여 식품선택 올바르게 | 자연은아름답게환경은깨끗하게 | 고객상담실 | 식품인전관리인증 | ACE | V0210 | 1UCS CA | 성 | 1.4 | 11% | 19% | 21% | 43% | 90 | 210mg | 35 g | 199 | Q | Q | Omg | 62 | 59 | 무 | 기 | 쿨륨 | 탄수화물 | 나트륨 | 1봉지당 | 당류 | 단백질 | 1일 | 소비자중심 | ccm | 공정거래위원회 | 080-023-9114 | http://www.dongsuh.co.kr | AC | 从双和园后最 | 老uH ( g222了个) | 早aiI | 1器 | 11% | 11% | 19% | 21% | 43% | 900 | 040 | 210 mg | 35 g | 19g | 6 | 6 | 0 mg | 2g | 6.5 | 百食品品 | HYYE | 4三号 | 1 | 哈品 | 1 | ccm | !wwww.dongsuh.co.kr | 소비기한 확인하여 식품선택 올바르게 | 환경은깨끗하게 | 8801037088168 | 자연은아름답게 | 11% | %1 | 60 | %67 | 8 | 27 | ,000 kcal | 35 g | Q | Q | Omg | 29 | 2 | 9 | 등( 이 | 6 | 포화지방 | 콜레스테롤 | 난수화물 | 당류 | 단백질 | 말 이 연 은말이 수 | PAHYIA | 2 | 해시운 | ://www.dongsuh.co.kr | 8801037""088168 | 11% | 19% | % | 43% | 0% | 46 | 21 | ,000 kcal | 35 g | 6 | 6 | 0 mg | 2g | 2 | g | % | 5 | 11 | HY | 喜 | 哈品 | 全分 | WCW | 原居片尿 | ㅇ | 필나탄 | 영이 | K | 소비자중심 | ccm | 공정거래위원화 | 초콜릿샌드위치쿠키 | 전세계인들에게 가장 사랑받는 쿠키 브랜드 | NABISCO | 80 | 1 | U山 | 208 | 0K | ccm | NABISCO | JJ | 본 | 1o필 | RAYIAY | 해시운 | 연연 | J | 山 | 10 | 2元01 | 全分 | WCW | 原局片 | 全号卫员了足 | 초콜릿 샌드위치 쿠키 | ccm | 소비자중심 | 공정거래위원회 | ccm | 초콜릿샌드위치 쿠키 | ccm | 소비자중심 | 공정거래위원회 | ccm | 闪 | 전세계인들에게 가장 사랑받는 쿠키 브랜드 | NABISCC | NABISCC | 전세계인들에게 가장 사랑받는 쿠키 브랜드 | NABISC | NABISCC | 2레Q | ㄷ위치쿠키 | 계인들에게 가장 사랑받는 쿠키 브랜드 | 2210 | 위치쿠키 | 계인들에게 가장 사랑받는 쿠키 브랜드 | 2레Q | ㄷ위치쿠키 | 계인들에게 가장 사랑받는 쿠키 브랜드 | 2210 | 위치쿠키 | 계인들에게 가장 사랑받는 쿠키 브랜드 | 8 | 8 | 00002 | 9 | N | 영양성분 기준치에 대한 비율(%) | 1일 | Y탁 연이한연탁팅 정 | 공정거래위원화 | 8 | 8 | 46 | .20Kca) | 9 | V | () | 1 | 8 | O00오02 | N | (  입 이이 | 기준이으로 개인의 필요 열량에 따라 다를 수 있습니다. | 정명해시지 | 8 | 40 | 中ca | V | 品% | 原居片 | 88010370881681 | 470 | 8""801037""088168 | 40 | Po | la | 80 | 07 | T | 8 | % | 门 | al | W | P움YIAY | 남박위연배매연 | WCW | 金意 | 体居片聚k尿号 | 全里员兰 | 0 | 온HYIA | 연위기연 | WCw | 台 | 体居片聚k尿号 | 寻里子号房员 | 소비기한 확인하여 식품선택 올바르게 | 듬납게 환경은깨끗하게 | 19% | 21% | 19% | 21% | 소비기한 확인하여 식품선택 올바르게 | 듬납게 환경은깨끗하게 | 19% | 21% | 19% | 21% | 공정거래위원화 | 1일 영양성분 기준치에 대한 비율(%)은 2.000 kcal | 4% | 기준이으로 개인의 필요 열량에 따라 다를 수 있습니다. | 87 | 1)2,00 | 4% | 8 | 공정거래위원화 | 1일 영양성분 기준치에 대한 비율(%)은 2.000 kcal | 4% | 기춘이으로 개인의 필요 열량에 따라 다를 수 있습니다. | 1  2,00 | 4% | 2g | 4% | 공정거래위원화 | 1일 영양성분 기준치에 대한 비율(%)은2.000 kcal | 기준이므로 개인의 필요 열량에 따라 다를 수 있습니다. | 8 | 2g | 4% | 1 2,00 | 8 | 29 | 4% | 공정거래위원화 | 1일 영양성분 기준치에 대한 비율(%)은 2.000 kcal | 기준이므로 개인의 필요 열량에 따라 다를 수 있습니다 | 8 | 2g | 4% | 1)2,00 | 8 | 2g | 4% | 공정거래위원화 | 1일 영양성분 기준치에 대한 비율(%)은2.000 kcal | 기준이므로 개인의 필요 열량에 따라 다를 수 있습니다. | 8 | 2g | 4% | 1 2,00 | 8 | 29 | 4% | 공정거래위원화 | 1일 영양성분 기준치에 대한 비율(%)은 2.000 kcal | 기준이므로 개인의 필요 열량에 따라 다를 수 있습니다 | 8 | 2g | 4% | 1)2,00 | 8 | wS | o연 연 이압이탁테입 이위터 | Y 어의 LA | ongsuo.kr | 外房号号号关 | 全品里 | 1% | 9%6 | yonsu | 며 테연 이리리연리 이위터 | HY  C위 | dongsco.kr | 房明号号司 | 全人 | 16 | 9%6 | 81180103711088168 | 니다. | 8""801037""088168 | -1C. | 8118010371088168 | 니다. | 8""801037""088168 | 1C. | 4 | B000.,001 | 9 | 이 | 2 | Be | 이 | 실 | 뇨고 | 80 | 이ㅇ | 기준이으로 개인의 필요 열량에 따라 다를 수 있습니다. | 무 | 4 | 宛ocal | g | OO | 2 | 16% | 同 | 驾 | 山 | 80 | 1 | 原层片k | 0 | 4 | 0 | O | 2 | Be | 실 | 눈고 | 80 | 기준이으로 개인의 필요 열량에 따라 다를 수 있습니다. | -오K | 무해 | 5 | 4 | ca | g | 2 | 16% | 驾 | 品 | 80 | J | 原层片k | NABISCO | NABISCO | NABISCO | NABISCO | 1봉지(50 g)당 250 kcal | 식품인전 | 몽지당 | 1일영양성분기준치에대한비율 | HAC | 트륨 | 210ma | 110/ | 식품의학일 | 1(50g)250 kcal | HAC | 三号 | 210 ma | 110/ | 1봉지(50 g)당 250 kcal | 식품안전 | 몽지당 | 1일영양성분기준치에대한 비율 | HAC | 트륨 | 210ma | SCO | 식품의학일 | 1(50 g)250 kcal | HAC | 三号 | 210 ma | 110 | 군을수 | V2오2)1일2 | 12연66(86오2 | 老上u际H0 (0 g2227) | C | 百 | 국경육수 | Y영이간오2)1일2 | S연25820 | 古贝u际H0(0 g2了个) | 1q | 百 | 군을수 | V2오2)1일2 | 12연66(86오2 | 老上u际H0 (0 g2227) | C | 百 | 국경육수 | Y영이간오2)1일2 | S연25820 | 古贝u际H0(0 g2了个) | 1q | 百 | 양정보 | 총 내용량 100 g(50 g×2봉지) | 1봉지(50 g)당 250 kcal | 식풍안전공 | 100 g(50g×2) | 1(50 g) 250 kcal | 양정보 | 총 내용량 100 g(50 g×2봉지) | 1봉지(50 g)당 250 kcal | 식풍안전곤 | 100 g(50g×2) | 1(50 g) 250 kal | 양정보 | 총 내용량 100 g(50 g×2봉지) | 1봉지(50 g)당 250 kcal | 식풍안전공 | 100 g(50g×2) | 1(50 g) 250 kcal | 양정보 | 총 내용량 100 g(50 g×2봉지) | 1봉지(50 g)당 250 kcal | 식풍안전곤 | 100 g(50g×2) | 1(50 g) 250 kal | 모공육수 | V16터21일 | 1UOC CBC | 렛리 설싱연위학 | 정 | HA | 老u上H0 9了) | 早rIal | 号 品 | 국공음수 | Y6크26오0일 | CUC CBC2 | 브리정제연위학 | HA | 老uH000929Y) | gca | 1品 | 百 | http://www.dongsuh.co.kr | 의약정인진지 | http://www.dongsuh.co.kr | http://www.dongsuh.co.kr | 의약재안전지 | 나여 | http://www.dongsuh.co.kr | 정보 | 총 내용량 100 g(50_g×2봉지) | 1봉지(50 g)당 250 kcal | 식품안전 | 1일영양성분 | HA | 100 g(50 g×2) | 1(50 g) 250 kcal | 1 | HA | 정보 | 총 내용량 100 g(50 g×2봉지) | 1봉지(50 g)당 250 kcal | 식풍안전 | HA | 100g(50g×2) | 1(50 g) 250 kcal | HA | 정보 | 총 내용량 100 g(50_g×2봉지) | 1봉지(50 g)당 250 kcal | 식품안전 | 1일영양성분 | HA | 100 g(50 g×2) | 1(50 g) 250 kcal | 1 | HA | 정보 | 총 내용량 100 g(50 g×2봉지) | 1봉지(50 g)당 250 kcal | 식풍안전 | HA | 100g(50g×2) | 1(50 g) 250 kcal | HA",오레오,오레오,0.9583,view1,paddleocr_boost,,CONFIRMED,오레오,CONFIRMED
IMG_5097.jpg,오레오,,0,,,"화이트크림 | 레오 | 초콜릿샌드위치쿠키 | OPEN | 1 | OPEN | 화이트크림 | 오레S | 초콜릿샌드위치쿠키 | 20 | 화이트크림 | 오레S | 초콜릿샌드위치쿠키 | 20 | 풍 | o | Q | a | 이트크림 | 초콜릿샌드위치쿠키 | OE3 | SIEC | 52元 | 全号业行门 | SIREO | 52百 | 全号门 | SIEO | EMM | 5120 | 全号 | SIEC | 5122 | 全号业行了门 | SITEC | M | 512元 | 全经业3剂 | SIEC | 5122 | 全号业行了门 | SITEC | M | 512元 | 全经业3剂 | & | a | 에 | a | & | a | 에 | a | 화이트크림 | 화이트크린 | 이트크림 | OE3 | 이트크림 | E3 | 이트크림 | OE3 | 이트크림 | E3 | 오레오 | 초콜릿샌드위치쿠키 | OPEN | Q0 | OPEN | 오레오 | 초콜릿샌드위치쿠키 | ""OPEN | Q1 | OPEN | 오레오 | 초콜릿샌드위치쿠키 | OPEN | Q0 | OPEN | 오레오 | 초콜릿샌드위치쿠키 | ""OPEN | Q1 | OPEN | 초콜릿샌드위치쿠키 | 초콜릿샌드위치쿠키 | OPEN | OPEN | OPEN | OPEN",오레오,오레오,0.96,view4,paddleocr_boost,,CONFIRMED,오레오,CONFIRMED
IMG_5105.jpg,오레오,,0,,,REO | Chocolate Sandwich Cookies | 2027.01.04 A | REO | Chocolate Sandwich Cookies | 2027.01.04 A | Chocolate San | 2027.01.0 | Chocolate San | 2027.01.0 | Chocolate San | 2027.01.0 | Chocolate San | 2027.01.0 | ORI | Chocolate San | ORI | Chocolate San | 2 | 2 | 2027.01.0 | 2027.01.0 | ORI | Chocolate San | ORI | Chocolate San | ORI | Chocolate San | DRI | Chocolate San | OREO | Chocolate Sandwich Cookies | OREO | Chocolate Sandwich Cookies | OREO | Chocolate Sandwich Cookies | OREO | Chocolate Sandwich Cookies | 2027.01.0 | 2027.01.0 | 2027.01.0 | 2027.01.0 | Chocolate San | Chocolate San | Chocolate San | Chocolate San | Chocolate Sandwich Cookies | Chocolate Sandwich Cookies | Chocolate Sandwich Cookies | Chocolate Sandwich Cookies | 2027.01.04 A | 2027.01.04 A | 2027.01.04 A | 2027.01.04 A | ... | 0. | ... | 1.,오레오,오레오,1.0,view5,paddleocr_boost,,CONFIRMED,오레오,CONFIRMED
IMG_5106.jpg,오레오,,0,,,"S Y/(울 | LIAY | 양 | //) | 그림 | 과자 | 중량 | 100 g [500 kcal(50 g × 2봉지)] | 품목보고번호 | 봉지포장재질 폴리프로필렌 | 지 연영연 연영연터위영 기연연말 | 밀,대두,우유 함유 | 19960399065-283 | 1 | (이 | (이이이 | ( | /( | /()(:) | 부정,불량식품 신고는 국번없이 1399 | 합니다. | $ | 시설에 | ·이 제품은 알레르기 발생 가능성이 있는 달갈,메밀, 따콩,고들어,게, | 보관상 주의사항 | 반품및교환장소 | 후에는 가급적 빨리 드십시오. | 질사광선 및 습기를 필하여 보관해 주시고,개봉 | 구입처 또는 동서식품(주) | 은 소비자분쟁해결기준에 따라 피해를 | 온합포함) | H | 사용한제품과 같은 제조 | 호두닭고기, 쇠공기 | 융 어 어 이(이 | 台号号号/ ((号 25 | 全 | 品居 | 全业//贸 | R月A | 100 g [500 kcal(50 g×2号入l)] | 号卫 | ，, | 19960399065-283 | 12 | 未品照%，， | (%%90)0[ | 制业业学业业学学业究业业学业业业业 | 阿贝号学号号号号学学学：(号号号号 | ，   139 | . | 公 | ,,, | () | ) | 司 | 京，卫，卫， | 居Y 02 00 后   后  ()0380 | 식품유형 | 영과자 | 중량 | 100 g [500 kcal(50 g × 2봉지)] | 봉지포장재질 | 밀가루(밀:미국산,호주산),설탕,분당(설탕,옥수수전분),식물성유지[가공유지1/ | 피륨 | 문 | 이부싱 이성연부 | 무ㅣ 극무 | c병 브탁헌탁병연터위 기연한정연연연버 | 전연정영연정 | 직사광선 및 습기를 피하여 보관해 주시고,개봉 | 원재료명 | 오레진세이지)],식물성유지[잠유(말레이시아산),혼합제제(해바라기유,폴리글리 | 후에는 가급적 빨리 드십시오 | 이제품은알레르기발생 가능성이 있는달걀,메밀,땅콩,고등어,게, | 세린축합리시놀레인산에스테르,정제수,차카테킨),혼합제제(올레오레진로즈메리, | 새우,돼지고 기 복숭아 토마토,아황산류,호두,닭고기,쇠고기, | 올레오레진세이지)],포도당,코코아분말(말레이시아산67%,네덜란드산 33%) | 오징어 | 4.6%,유당,물엿, 옥수수전분,유청,팽창제1,팽창제2,정제소금,향료,레시틴 | 온합 포함),잣을 사용한 제품과 같은 제조 | 바닐린 | 시설에 | ·이제품 | 소비기한 | 측면표기일까지(년/월/일) | 밀,대두,우유 함유 | 에다른 소비자분쟁해결기준에 따라 피해를 | 보상해 드급나니 | 제조원 | 미가방유한회사/강원도철원군김화읍외골길34-40 | 품목보고번호 | 19960399065-283 | 식물성 유자가녹아 쿠키에 하얀 반점이 생길 수 있으나,섭취 시 무해 | 유통전문판매원 동서식품(주)/인천광역시 부평구 부평북로 215 | 합니다 | 부정,불량식품 진고는 국번없이 1399 | OREO(오레오) 및 본 제품의 디자인은 몬델리즈 인터내셔널 그룹의 상표이며 라이선스하에사용됩니다 | 100 g [500 kcal(50 g×2入)] | (:，，，(，)，/ | 尼层臣元2号 | 特金 | 业人 | 广) | ， | ,(, | ，, | ,,,(， | ，，，，，， | , | ， | 4.6，，，，，,，，， | )， | ·0| | ，, | 号卫 | 19960399065-283 | , | ，   139 | 어이스터 | 성장간정연텍탈림 | S  Y/(울을 | 텍 영·연정위영위 설정박정연마연· | 하지 연으의 가이의영가 연시 | 품목보고번호 19960399065-283 | 제조원 | 따른 소비자분쟁해결기준에 따라 피해를 | 보상해 드립라니 | 밀,대두,우유함유 | 측면 표기일까지(년/월/일) | 소비기한 | 이제품은 | 4.6%,유당,물엿,옥수수전분,유청,팽창제1,팽창제2,정제소금,향료,레시틴 | 합 포함),잣을 사용한 제품과 같은 제조 | 바닐린 | 시설에 | 대이 기 이연입  애 | 이 | 브이 를 연 브 | -연영 이배리 이탈이를연탁링 | 위위연 이연연  위 | 후에는 가급적 빨리 드십시오 | 테아린유(말레이시아산),야자유},해바라기유,혼합제제(올레오레진로즈메리,올레 | 원재료명 | 직사광선 및 습기를 피하여 보관해 주시고,개봉 | 보관상주의사항 | 에스테르화유팔스테아린유(말레이시아산),야자유},가공유지2/에스테르화유(팔스 | 밀가루(밀:미국산,호주산),설탕,분당(설탕,옥수수전분),식물성유지[가공유지1/ | 구입처 또는 동서식품(주) | 반품 및 교환장소 | 폴리프로필렌 | 봉지포장재질 | 100 g [500 kcal(50 g × 2봉지)] | 을올 | ()3 | 早，号号号号1399 | 并号号号2 | 时尚号业门 | bhe | 0-4 | 卫19960399065-283 | ,, | 01 | 4.6，，，，，，，，， | 3 | 用业艺业点品 | 10尼百 | 制学业业民业学员学学业卫学业学学管到 | 0 | [ | ,，，, | ， | ,,/ | (:，，，(，)，/ | () | 100 g [500 kcal(50 g×2号入1)] | 业厅 | 소비기한 측면 표기일까지(년/월/일) | 원재료명 | 바닐린 | 품목보고번호 | SY/()울을 | 아으을야가연을연 | 밀,대두, 우유 | 19960399065-283 | 폴리프로필렌 | 함유 | 9이( | 세린축합리시놀레인산에스테르,정제수,차카테킨),혼합제제(올레오레진로즈메리, | 오레진세이지)],식물성유지[잠유(말레이시아산),혼합제제(해바라기유,폴리글리 | 테아린유(말레이시아산), 야자유},해바라기유,혼합제제(올레오레진로즈메리,올레 | 에스테르화유(팔스테아린유(말레이시아산),야자유},가공유지2/에스테르화유(팔스 | 밀가루(빌:미국산,호주산),설탕, 분당(설탕,옥수수전분),식물성유지[가공유지1/ | 굶굽(어어 | 부정,불량식품 진고는 국 | 합니다. | 식물성 | 시설에 | ·이 제품은알레르기발신 | 보관상주의사항 | 반품및 교환장소 | 새우,돼지고기 복숭아 | 유자가녹아 쿠키 | 후에는 | 직사공 | 구입치 | /) | 号卫 | 台号音号//25 | 0 | ，， | 19960399065-283 | 大照刷世%刷世，，，号，，异 | [ | ，，,(, | ,，, | ，)，，(，，/ | 居()OYO | ， | ， | 章 | 人 | 소비기한 측면 표기일까지(년/월/ | 원재료명 | 식품유형 | 바닐린 | 오레진세이지)],식물성유지[잠유(말레이시아산), | 과자 | 중량100 g [500 kcal(50 g × 2봉지)] | nuo | 혼합제제(해바라기유,폴리글리 | 봉지포장재질 폴리프로필렌 | 밀,대두,우유 함유 | ( 9이 | 이 | /):) | 보상해드 | TOEIY | 브영 이를리 | 이 | 무 | T제 | T0 | 후에는 | 질산공 | 구입체 | ( | 100 g [500 kcal(50 g×2)] | No | ， | ，, | 未品照%刷刷号 | [ | 制业业业学业学学业学业业业业 | 广号号号号广可号号号 | 特 | 0百 | 用带肌0 | IO | 章 | 人 | 7 | 부정,불량식품 신고는 국번없이 1399 | 시설에 | 오징어 | 보관상주의사항 | 반품및 교환장소 | 이이 | 물 | 성 | ZN | 질산광선 | 구입처 또는 동서식품(주) | 에따른 소비자분쟁해결기준에 따라 피해를 | 합 포함),잣을 사용한 제품과 같은 제조 | 1및습기를 필하여 보관해 주시고,개봉 | ,호두,닭고기,쇠고기, | 땅콩 | 고등어,게 | 융어어에이크 | ，   13 | 2 | H | 4O | TR | 实号号 | () | )， | ，京导，卫，卫， | ， | ，，， | 2 00   ()030 | 보상해 | 이제 | 시설에 | 보관상주의사항 | 반품및교환장소 | 오징어 | 이연이연위클탁영 이 | RJT | )울극 | 설 취연위업 위 | 무문 | 및습기를필하여보관해 주시고,개봉 | 건준 | 달걀 | 사용한제품과 | 메밀 | 아 | 같은제조 | 고등어,게 | 01 | O工 | 广号号) | (吴五 | 同2总。 | ， | 了员 | 号 | ， | 吧 | o | ，， | 원재료명 | 식물성유지[가공유지1/ | 인이이 | 위위 이뀌연  이 | 배 헌병 테위연연연정위위격기연정 기림연연 | 무연영위연기림영정 | ·이 제품은 알레르기 발싱 | 보관상주의사항 | 반룸 및 교환장소 | 새우,돼지고기보수아 | 후에는 | 직사공 | 구입치 | / | 制2222业业金年O厅 | 门 | ) | ， | 章 | 7 | 원재료명 | 세린축합리시놀레인산에스테르,정제수,차카테킨), | 식물성유지[가공유지1/ | 병 헌병기위연 연연벌위기 연영린기 기연위림연연 | 자연위성위이 연정 기연연연위테연영성 | ·이 제품은 알레르기 발상 | 보관상주의사항 | 만룸 및 교환장소 | 새우 돼지규기보스하 | 후에는 | 직사공 | 구입츠 | ，， | 业号兰 | ， | 章 | 人 | 7 | 원재료명 | 4.6%.유당무여 | 이이 | 연클기 연 연 뀌연 브연 | 채위 이림뀌연뀌  제 | c병 렛헌기 위연 .연정위청기연정 기림취연연 | 오징어 | ·이제품은알레르기 발 | 보관상주의사항 | 새우,돼지고기 복숭아 | 후에는 | 직상공 | 4.6% | %290Yo)0吕五[(Y|0Y百号 | 制业学业业业业业业学学 | [ | ， | 章 | 원재료명 | 4.6%.유단무여 | 이이이 | 브배기 연벌스 연 배기투 | 싱위위 이이   을 | c병한위연딛기 테연 연연위기연한정기 림연연 | H었 | o | 연연정영연연영 | TO온품LE제해H | 글o | 윤무 | 46% | 2%29Y0Y|0)0吕五[(YloY号 | 制学业院制行学业卫业业学学业学 | 10百 | 西馆 | 号喜 | 원재료명 | 바닐리 | 스 | 숙반 킬 이연 | 연브기위연연 연 연연지 | 위채위  림뀌연 기 제위 | 시설에 | 오징어 | 새우,돼지고기복숭아 | ·이 제품은 알레르기 발싱 | 후에는 | 466分足 | 大 | 3 | 制卫业业学业业学业业业学业学学行 | ， | 章 | 원재료명 | 바닐리 | 4.6%,유당,물엿, 옥수수전분,유청,팽창제1,팽창제2저제스크 | (애애이 의장 위  위 늦 | 브기 연격 기얼연 기 | 위위싱이리성 연연연기  성 | 및),아사유,해바라기유,혼합제제(올레오레진로즈메리,올레 | MI | 4 | 이이 | 글o호 | 4.6,， ，，， ， | 3) | 制业学业学学学前学学业业学学业务管学汇 | ,，，(， | MY | 0百 | 号喜 | 바닐린 | 혼합제제(해바라기유,폴리글리 | (숙위 장 기 연애 | 남배브브탈기뀌연 연 연 브연연클브연격 | ·이제 | 시설에 | 새우,돼지고기 복숭아 | ·이 제품은 알레르기 발싱 | , | 大照%刷号几务，，，，异 | [ | 制卫业学学业业学业业业学学汇 | .01 | ， | 소비 | 바닐린 | 혼합제제(해바라기유,폴리글리 | ‘이 연 연이 | ( 애 기 이   을데 | 연탈기 연격 연 위투 | 이제 | 시설에가 | 생우돼지고기 복숭아 | ·이 제품은 알레르기 발 | 个 | ， | 未6业，品号号创，学部 | 制2学业业学学业学即学学业学业学务业 | 0则 | ， | 크흠 | 해기이 | 무연성싱연 연성 | 위이이기이이이이 | 국원무 | /원 (미: | 무 | 무고묶 | 료굴피륨 | 루무&움 | [(×60S)0000S]6001 | 율올 | _ | 공목트 | 气0喜 | 原 | 学究 | 星学号学判号号号学号学号学号号/ | 大寸 | 品匹 | 尼层2景 | 10     1)] | 到 | 品片号 | 후에는 | 보관상 주의사항 | 에스테르화유(팔스테아린유(말레이시아산), 야자유},가공유지2/에스테르화유(팔스 | 테아린유(말레이시아산),야자유},해바라기유,혼한 | 직사광소 | 밀가루(밀:미국산,호주산), 설탕,분당(설탕,옥수수전분),식물성유지[가공유지1/ | 영 | 무외면음묶 | [  ]스 | 을올 | |_ | J공목노 | , | ，，，(，，/ | 大行 | 100 (00 000 p2 | 到 | 品号 | 무영딛입위연연기 연연연성 | ㅣ영영성닌야' 노능'유루처처 | cof병한헌병연.스위정기연정 기림위 | 정이 | 구윤Y | 채위 연 이림연연 기 위 | 극흠 | 옮무콩 | 래연영연이터리 | 수이쿠성즐즐 | 寸片 | ( | 百 | Y型 | [ | 号喜 | 品居 | 外 | 방이입영위 연터정 정연연위위성 | 연영영· 연명터 | 자E  목고 | 영 | c병 위연탁기 브시 연위터위청 연영정기 기리연정연클림지연버 | 연정연박연연영 | 직사광소 | 오레진세이지)],식물성유지[잠유(말레이시아산),혼합제제(해바라기유,폴리글리 | 후에는 | 원재료명 | ·이 제품은 알레르기 발생 | 세린축합리시놀레인산에스테르,정제수, | 汇业 | 寸骨 | ， | HOEIY | 숙대이 장   애 | 연ㅇ이능영으 | 2ㅋA | 연뀌기 연 격 연 배연취 | 새우,돼지고기복숭아 | 오레진세이지)],식물성유지[잠유(말레이시아산),혼합제제(해바라기유,폴리글리 | ·이 제품은 알레르기 발생 | 기유,혼합제제(올레오레진로즈메리,올레 | 원재료명 | 후에는 | 3 | 4.6号， | 2片A | 1018百 | 制卫业学学究学学业业学居了业 | ， | ,,(, | . | ，, | HOEIY | 반.림위 기 제림기영 위 탈 | ㅇ운ㅇ이영명영이 | 2러A | Y렛헌기 연연 테이 연 | 온디 해 | 뀌 연위위 기 연제림뀌영림 위 연 | 영이터정 | 룸기문모위즐헌이부시리 | 옮 | 극호 | OY | 3 | 4.6刷路. | R片A | 制业业业业学学业业学 | 用号0上 | 可 | 0 | 品居 | 号0喜 | 밀가루(밀:미국산,호주산),설탕,분당(설탕,옥수수전분),식물성유지[가공유지1/ | 봉지포장재질 폴리프로필렌 | 반품및 교환장소 | 구입처 | 에스테르화유{팔스테아린유(말레이시아산),야자유},가공유지2/에스테르화유(팔스 | 테아린유(말레이시아산),야자유},해바라기유,혼합제제(올레오레진로즈메리,올레 | 보관상주의사항 | 직사광 | 원재료명 | 오레진세이지)],식물성유지[잠유(말레이시0 | 후에는 | (，，，(，)，/ | ,,, | , | 밀가루(밀:미국산,호주산),설탕,분당(설탕,옥수수전분),식물성유지[가공유지1 | 봉지포장재질 폴리프로필렌 | 반품및교환장소 | 구입처 | 에스테르화유(팔스테아린유(말레이시아산),야자유},가공유지2/에스테르화유(팔스 | 테아린유(말레이시아산),야자유},해바라기유,혼합제제(올레오레진로즈메리,올레 | 보관상주의사항 | 직사광 | 원재료명 | 후에는 | (:，，，(，)， | ， | 병 위브클탁이 브연 연터위 연기 리연 연말연 | H이림이이 | 옮공 | 극흠 | 이 | 연싱 이이연 | 국원Y | /)(:) | 가&고음묶 | 륨 | 로&움 | [) | 品业居 | 号0喜 | 立百 | 人 | 业堂 | 早学号学号学号号学号号易个 | 寸骨寸 | 尼层臣元2号 | 灵 | 렛브병 테연이 연위위기 연기 리연정림 정연말탈 | 이림이예 잇 | 옮공 | 극lo흐 | 이 | 연이위부영위 연터 리연정연위연싱이위터 | 윤무 | 무ㅜ운에위인 기 명   이 밀림 | 무영 | 무은묶 | 피륨 | 래제&표움 | [ | 品能居 | 号0喜 | 西 | 业 | 星童 | 宇学号学号学号号号号学号号号号门村 | 寸骨寸 | 悦层臣元2号 | 풍법공ㅎ'림 | (루/륨터)표는 | 힙ILIA | IOEIY | (대 킬 이  애 | H었 | 남연림시연클정클이부부시기터 | 百 | 告站当信 | 全 | 未后照/，带品号业，， | 尼房A | Y | 1018百 | 풍을공송'름 | (르/륨/터)<표급는 | ILIAY | 기 | 운연투연연 연기연분 부연연연 연연명연 킬 | AMEIY | 대 이 장  기영  테연애기 | 이 | 연연에연이기시 | 百 | 品吉当信 | 全堂 | 未6业几，美，带业品号业财，，， | R房A | olY | [3 | 10100 | 풍법공ㅎ'림 | (루/륨터)표는 | 힙ILIA | IOEIY | (대 킬 이  애 | H었 | 남연림시연클정클이부부시기터 | 百 | 告站当信 | 全 | 未后照/，带品号业，， | 尼房A | Y | 1018百 | 풍을공송'름 | (르/륨/터)<표급는 | ILIAY | 기 | 운연투연연 연기연분 부연연연 연연명연 킬 | AMEIY | 대 이 장  기영  테연애기 | 이 | 연연에연이기시 | 百 | 品吉当信 | 全堂 | 未6业几，美，带业品号业财，，， | R房A | olY | [3 | 10100 | 세린축합리시놀레인산에스테르,정제수,차카테킨),혼합제제(올레오레진로즈메리 | |시아산),혼합제제(해바라기유,폴리글리 | ·입제품은 알레르기 발생 | 올레오레진세이지)],포도당,코코아분말(말레이시아산67%,네덜란드산 33%) | 4.6%,유당,물엿, 옥수수전분,유청,팽창제1,팽창제2,정제소금,향료,레시틴, | 시설어 | 바닐린 | ·이제 | ,,,(, | ,(， | 4.6，，，，，,，，，， | ·0则 | 브이 브연격 연 위위투 | 즐륨연스배위 배매이 | ( 대이 기     을데 | 연클연연연 연연분 느색연분연영연명연 이킬 | ㄹ로A | YTO | 制2学学业学学学前学学业学学业业业 | [ | 6美，品业，务品务 | 尼旧 | YT0 | HOIR | 남브뀌기 위연연 위 배성기연프 | 제세어륨 | 온 | 위위  이림뀌연연뀌 | 륨릭연연명이묶닐 | 브탁병 테브연 연위위청 연스매기 리연 연리위 | 옮공 | 극흠 | 이 | 무야용영이 | 그자 | 1018百 | 制业业业业业业业业学学 | 品)0‘吕五[(0百 | 月0 | 品能居 | 号0喜 | 立花百 | 业堂 | HOIXT | 벌기 연배벌격 연 배투연 | 림기에 | 온디제 | o 위위싱연이정제연영 위 연 | 류ㄷ클링이이 | c병 헌탁위 브연 .스벌위 연영텔정기 기 레림연연 | 옮공 | 극호 | 이 | 무영이영영 | 무지 | 10180 | 制学业学业业学业到 | 品)品0‘吕五[(Ylo百 | 明0上 | 门 | 品居 | 号0喜 | 星人 | Y婆 | 부정,불량식품 진고는 국번없이 1399 | 식물성 유자가 녹아 쿠키에 하얀 반점이 생길 수 있으나,섭취 시 무해 | 합니다. | 19960399065-283 | 호 | 자분쟁해결기준에 따라 피해를 | 보상해 드랍다니 | 밀,대투,우유 함유 | ，   1399 | 19960399065-283 | 1l | ,, | 부정,불량식품 진고는 국번없이 1399 | 식물성 유지가 녹아 쿠키에 하얀 반점이 생길 수 있으나,섭취 시 무해 | 합니다. | 19960399065-283 | 호 | 자분쟁해결기준에 따라 피해를 | ，   1399 | , | 19960399065-283 | 1 | 昌H百 | 4.6%,유당,물엿,옥수수전분,유청,팽창제1,팽창제2,정제소금,향료,레시틴, | 바닐린 | 시설에 | 올레오레진세이지)],포도당,코코아분말(말레이시아산,67%,네덜란드산 33%) | 세린축합리시놀레인산에스테르,정제수,차카테킨),혼합제제(올레오레진로즈메리, | 혼합제제(해바라기유,폴리글리 | 품은 알레르기 발생 | 4.6，，，，，，，，，， | , ,, | ，，),(, | ， | 4.6%, 유당,물엿,옥수수전분,유청,팽창제1,팽창제2,정제소금,향료,레시틴 | 시설에서 | 바닐린 | 올레오레진세이지)],포도당, 코코아분말(말레이시아산,67%, 네덜란드산 33%) | 세린축합리시놀레인산에스테르,정제수,차카테킨),혼합제제(올레오레진로즈메리 | 혼합제제(해바라기유,폴리글리 | 품은 알레르기 발생 | 4.6，，，，，，，，，， | ,,, | ，，，(， | ， | 4.6%,유당,물엿,옥수수전분,유청,팽창제1,팽창제2,정제소금,향료,레시틴, | 바닐린 | 시설에 | 올레오레진세이지)],포도당,코코아분말(말레이시아산,67%,네덜란드산 33%) | 세린축합리시놀레인산에스테르,정제수,차카테킨),혼합제제(올레오레진로즈메리, | 혼합제제(해바라기유,폴리글리 | 품은 알레르기 발생 | 4.6，，，，，，，，，， | , ,, | ，，),(, | ， | 4.6%, 유당,물엿,옥수수전분,유청,팽창제1,팽창제2,정제소금,향료,레시틴 | 시설에서 | 바닐린 | 올레오레진세이지)],포도당, 코코아분말(말레이시아산,67%, 네덜란드산 33%) | 세린축합리시놀레인산에스테르,정제수,차카테킨),혼합제제(올레오레진로즈메리 | 혼합제제(해바라기유,폴리글리 | 품은 알레르기 발생 | 4.6，，，，，，，，，， | ,,, | ，，，(， | ， | 밀,대두,우유 함유 | 보상해 드립나나K | 4나는 소비자분쟁해결기준에 따라 피해를 | 호 | 19960399065-283 | 식물성 유자가 녹아 쿠키에 하얀 반점이 생길 수 있으나,섭취 시 무해 | 합니다. | 부정,불량식품 진고는 국번없이 1399 | ,, | p | 19960399065-283 | ，  0 1399 | 밀,대두,우유함유 | 보상해드립다나 | 나은 소비자분쟁해결기준에 따라 피해를 | 호 | 19960399065-283 | 식물성 유자가 녹아 쿠키에 하얀 반점이 생길 수 있으나,섭취 시 무해 | 합니다. | 부정,불량식품 진고는 국번없이 1399 | ，， | p | 19960399065-283 | , | 139 | 후에는 가급적 빨리 드십시오. | 오레진로즈메리,올레 | ·이 제품은 알레르기 발생 가능성이 있는 달갈,메밀,땅콩,고등어,게, | 해바라기유,폴리글리 | (올레오레진로즈메리 | 글학포하자을 | . | ， | ,,, | ， | 후에는 가급적 빨리 드십시오. | 오레진로즈메리,올레 | ·이 제품은 알레르기 발생 가능성이 있는 달갈,메밀,땅콩,고등어,게, | 해바라기유,폴리글리 | (올레오레진로즈메리 | ， | ，，,, | ， | u텍일 | R었 | 남운림시분에즐클륨 | u-발연영 이배리 클격탈연를연탁링이 | 른ㄹ륨'링스러새를 | 이쿠의즐명연이연부 | 오레진로즈메리,올레 | 那号号业星点 | 礼知百 | 20百号 | 2号22A | 宝 | ， | 새우,돼지고기 복숭아 토마토,아황산류,호두,닭고기,쇠고기, | 오징어 | (올레오레진로즈메리, | 이 제품은 알레르기 발생 가능성이 있는 달갈,메밀,땅콩,고등어,게, | 해바라기유,폴리글리 | 후에는 가급적 빨리 드십시오 | 오레진로즈메리,올레 | ，，，，，，， | , | ,, | ， | , | u텍일 | R었 | 남운림시분에즐클륨 | u-발연영 이배리 클격탈연를연탁링이 | 른ㄹ륨'링스러새를 | 이쿠의즐명연이연부 | 오레진로즈메리,올레 | 那号号业星点 | 礼知百 | 20百号 | 2号22A | 宝 | ， | 새우,돼지고기 복숭아 토마토,아황산류,호두,닭고기,쇠고기, | 오징어 | (올레오레진로즈메리, | 이 제품은 알레르기 발생 가능성이 있는 달갈,메밀,땅콩,고등어,게, | 해바라기유,폴리글리 | 후에는 가급적 빨리 드십시오 | 오레진로즈메리,올레 | ，，，，，，， | , | ,, | ， | , | u 방연 이배리 클탁격발텍.압클연탁영극기상 | ㄹ른ㄹ륨‘싱스러 | 남림에 | ㅋ | 이융 | O로IY | 2号202A | 02百 | (%2层 | 最lY | -연영한 이림트리탁극발스.위클연탁링리영 | 른ㄹ륨병러 | 남림지연에투 | 문융 | 号 | 2号22A | 0百 | (%2层) | 혼합 포함),잣을 사용한 제품과 같은 제조 | 시설에 | 네덜란드산33%) | 새우,돼지고 기 복숭아 토마토,아황산륨,호두,닭고기,쇠고기, | 레오레진로즈메리, | 이 제품은 알레르기 발생 가능성이 있는 달갈,메밀,땅콩,고등어,게, | 바라기유,폴리글리 | )， | 3 | ，，，，，，， | , | ，，,, | ， | 홀합 포함),잣을 사용한 제품과 같은 제조 | 시설에서 | 네덜란드산33% | 새우,돼지고기 복숭아 토마토,아황산륨,호두,닭고기,쇠고기 | 레오레진로즈메리, | 이 제품은 알레르기 발생 가능성이 있는 달갈,메밀,땅콩,고등어,게, | I2른ㄹ륨이러 | ， | 3 | ，，，，，，， | , | ,，,, | 222 | 소비기한 측면 표기일까지(년/월/일) | 품목보고번호 19960399065 | SC  Y/()울 | 터연 연지 영연영 야연연연위 터 영기 연 연말를 영  지 | 밀,대두,우유 | 卫19960399065 | 台号号号号(21 | 到品时--4 | ，， | 소비기한 측면 표기일까지(년/월/일) | 품목보고번호19960399065 | 출드연영 지 | 지연영연면스닥연연위/  위영연영 면를영 지 | 밀,대두,우유 | 19960399065 | 分号号号21 | 新学号号品号居居号一-4 | ，, | 부정,불량식품 진고는 국번없이 1399 | ORE이(오레오) 및 본 제품의 디자인은 몬델리즈 인터내셔널 그룹의 상표이며 라이선스 하에 사용됩니다. | ，019 | 부정,불량식품 진고는 국번없이 1399 | OREO(오레오) 및 본 제품의 디자인은 몬델리즈 인터내셔널 그룹의 상표이며 라이선스 하에 사용됩니다 | ，019",오레오,오레오,0.9136,view2,paddleocr_boost,,CONFIRMED,오레오,CONFIRMED
IMG_5119.jpg,참크래커,,1,8801111614566,참크래커,"(수신자요금부담)080-709-2580 | 기준이모로 개인의 필요 열광내 따리 내 수 있습니다 | 고객상담실:(서울)977-2580 | LIIIIO8 | 1일 영양성분 기준치에 대한 비을(약은 2,00) kc | 한 피해보상 | 6 | %91 | 8 aUMIY | %9 | 탁작탈위기연터위연 정 탈탈 연이닥닥텍기 작가함  위 | 8 | 614566 | %8 | 전설면극정이이연텍기정기장위탈이영 격 | 한격4간.연· | 하·정영위 탈운영기: 영작연영연연장준터 | 한운면송.입 | 6SI | %83 | A:55 CES | 62골 | 장연연배연한 장연운연셋위기 배스연 정장싱기연리탈락연림링클한 | %3 | 탄수화물 72 9 | 22% | (호주산),혼합식용유,천일염, 우유,혼합분유,물엿,산도조절제,효모,곡류가공품,향료,혼합제제(변성 | 원재료명 | 나트륨 700mg | 밀가루(밀:미국산),쇼트닝1[동물성유지(호주산),식물성유지(말레이시아산)],쇼트닝2 | %65 | 위운러 | lylyy_ | 음600 | 간 각 | A위영이리 | 눔폼 |  | 2292827202009 | 운운운 | 무연/무연 | 용볶 | 기여 | (몸ㅜ영/ | CYOCK 0 | 류말파탈륨 | HH2 | ü | (18.679X15봉지) | 영양정보 | 280g | 내용량 | 소비기한 | 측면표기일까지 | 총 내용량 2809 |  | 크래커 | SALTINE CRACKERS | 이미지예 | Party | with | anape | CROU'N",참크래커,참크래커,1.0,view2,paddleocr,,CONFIRMED,참크래커,CONFIRMED
IMG_5117.jpg,참크래커,,2,,,SALTINE CRACKERS | CROW'N | COM | SALTINE CRACKERS | CROW'N | CHOMM | SALTINE CRACKE | SALTINE CRACKEI | SALTINE CRACKE | SALTINE CRACKEI | LTINE CRACKE | ALTINE CRACKEI | SALTI | SALTI | 1 | 2 | - | 1 | SALTINE CRACKE | SALTINE CRACKEI | SALTINE CRACKE | SALTINE CRACKEI | SALTINE CRACKE | SALTINE CRACKEI | SALTINE CRACKE | SALTINE CRACKEI | LTINE CRACKE | ALTINE CRACKEI | LTINE CRACKE | LTINE CRACKEI | LTINE CRACKE | ALTINE CRACKEI | LTINE CRACKE | LTINE CRACKEI | SALTINE CRACKERS | SALTINE CRACKERS | SALTINE CRACKERS | SALTINE CRACKERS | SALTI | SALTI | SALTI | SALTI | M00 | (CRONN | M00 | (CROHN | N.MO | CRON | NNOx) | CROWN,참크래커,참크래커,0.75,view2,paddleocr_boost,,CONFIRMED,참크래커,CONFIRMED
IMG_5123.jpg,참크래커,,0,,,SALTINE CRACKER,,참크래커,0.4688,view2,paddleocr,,OCR_NO_MATCH,,REINSERT
IMG_5122.jpg,참크래커,,1,,,SALTINE CRACKERS | 맛있는 약속 | 2027.03.04 | 까지 | 1 | 부터 | 2026.03.05 B3 | CROU'N,참크래커,참크래커,0.9091,view4,paddleocr,,CONFIRMED,참크래커,CONFIRMED
IMG_5121.jpg,참크래커,,0,,,SALTINE CRACKERS | eVrIME BBVEKERE | SALTINE CRACKERS | SVFINE g9HEN8 | SAITINL | SALTINI | eTrIME BEVOKERE | ? | 8VFINE GVGHEN8 | F | BVEIME BVOHENR | SVFINE GGKEN8 | eTrIME BEVOKERE | ? | 8VFINE GVGHEN8 | F | BVEIME BVOHENR | SVFINE GGKEN8 | SALTINE CRACKERS | SALTINE CRACKERS | SALTINE CRACKERS | SALTINE CRACKERS | SAITIN | SALTINI | SAITINI | SALTINI | SAITIN | SALTINI | SAITINI | SALTINI,,참크래커,0.5,view2,paddleocr_boost,,OCR_NO_MATCH,,REINSERT
IMG_5132.jpg,마이쮸,,0,,,"tPB | 199 | % | 1EB | 정육없 | D | %℃层五 | %99 | %99 | X | MB | 百品品品 | D | 1 | v | 공 | 10 | 2 | 없으신 본은 드심 때 주의을 요합니다 | 피하고 온도 0도기 낮으이 | ,복승아,대두 손입 가농 | 구영한 초 부성 감식통 신고는 | 되는 곳역 보려에 주심시오 소비자 | 라보북터 | 영양정보 | 31 | 만 | 0119 | 2390% | C | 物 | 强 | 10 | 品 | 叫卫自的 | , | 7 | 明 | OH | 65% | Igori | 0g至x 39g26% | 丽 | 24803% | v | 공 | 10 | 2 | 없으신 본은 드심 때 주의을 요합니다 | 피하고 온도 0도기 낮으이 | ,복승아,대두 손입 가농 | 구영한 초 부성 감식통 신고는 | 되는 곳역 보려에 주심시오 소비자 | 라보북터 | 영양정보 | 31 | 만 | 0119 | 2390% | C | 物 | 强 | 10 | 品 | 叫卫自的 | , | 7 | 明 | OH | 65% | Igori | 0g至x 39g26% | 丽 | 24803% | X | 2 | 민수HB1320g33 | AOGDA | L스n0g보재명1g33 | 3 | 년매6A | 19 | 0 | H | 유 | UI | OC | H | 국LN | BR-60-00(B28m | 답호 | nudl | RR | HB | 包量3g11% 248g.2% | 福 | MOGHSA | 0g 39g2% | 3 | 2066g | %99 0 | E | IH | 品品品 | WI | BOTe | 酒 | SCH | 180-080--250 | BRE | 清号/宜吉RE文 | 影片吉店 | 조재주타리일제리/증 | 특는 의 보 주신시오 | n | -울보과194192 고호상담실시8sn-20수신자요금부담00- | a | H | n | 년 | BBBARRLMRE-RA | EAkeRAKEBVoEt | OAE | lude | tcor | O | 全/ | 照 | 79天早 | 921997343119122 1 77-2580000-7 | 福 | M | 产 | 别 | 智 | 国 | R正 | 最kk | 号 | A | R | 소비 시 | 자바가 지 않으신 은 실 데 주식을 효합니다 있당 | 全：   2 | 소비 | 가 은 주 | 全印港 量 2 | L9nR문자 | Hu  우이림 | BAA | 量 | LDYRZ | H | YZ-115 | ZEIPIOL | AYBAOAMD | b | Y92-UA6 | ZIEUOWU6LTHCA | 논구서 | 广教支 | 논구서 | 广教支 | 작4 | 1b | 건요요 | bual | %igg% | 1% | IP.P | 5 01 | HR요 | bual | IP.O | bu Cl | 작4 | 1b | 건요요 | bual | %igg% | 1% | IP.P | 5 01 | HR요 | bual | IP.O | bu Cl | 1buCl8 | Tbu1 | lb | %bn | 1buCl8 | Tbu1 | lb | %bn | -치이 | 가 놓지 없으신 분은 드십 | 실 때 주이을 요합니다.있.당인 | · | 9142044, 1.8 | 가 놓지 없으신 분은 드심 때 주의를 요 | REhN | BEN | REhN | 2EbN",,마이쮸,0.23,11_마이쮸,paddleocr_boost,,OCR_NO_MATCH,,REINSERT
IMG_5130.jpg,마이쮸,,0,,,VBRA | 100 | vBR A | vav to ia 10310 | 아동이 행폭한 세상 | 아동권리보장원 | 아동이 행폭한 세상 | 아동권리보장원 | o萨 | 10 | 공지라움이 | 百号 | vav ta ia l030 | 百号 | vaw ta ia 1090 | O | vav ta ia laio | 아동이 명한 세상 | 아동권리보장원 | 10 | k0 | 10 | lo | io | 아도건리보자 | 아도건리보자 | HE | UuP | VBR  X | [Un리 | LVBiR aIa X w | Ja51o | 10310,,칸타타,0.5714,03_칸타타,paddleocr_boost,,OCR_NO_MATCH,,REINSERT
IMG_5133.jpg,자유시간,,1,,,"4102.07 | 0LO0 | 발리깥레보할 고품질 초를릿 사용이 제의 랫은 손수 코로하데를 | 시용이 관서 하 이 평길 수 있으,안이는 합니Q. | 총내용량 36 g 172 kcal | 영양정보 | LE 5m 3318수4 229 731당류9g 1931방 8g 153 | E00  4927스타 5mg 0만1단백395 | 2027.01. | 0200 | 雪鞋 卫 | 436g 172 kcal | 4 5mg 3% 量 22g 7%  19g 19% % 8g 15% | g4927%5mg01%395% | 의바N분 | 발리감레보해 고품질 초를릿 사용이제의 쇄롯은 순수 크코작티! | [ll 서 하이 방길수 없으.안는 합니Q. | 29 :318 99 914 80 53 | 총 내용량 36 g 172 kcal | 7n를레스타 5mg 0만1억 단백직 305일 | OTHER | 摄S | 卫 | 22g 7% 5 19g 19%  8g 15% | 36g172kal | 7%5m01%395% | OTHER | 의바N분 | 발리감레보해 고품질 초를릿 사용이제의 쇄롯은 순수 크코작티! | [ll 서 하이 방길수 없으.안는 합니Q. | 29 :318 99 914 80 53 | 총 내용량 36 g 172 kcal | 7n를레스타 5mg 0만1억 단백직 305일 | OTHER | 摄S | 卫 | 22g 7% 5 19g 19%  8g 15% | 36g172kal | 7%5m01%395% | OTHER | 290720Z | 20201. | 创 | a | 店た品た | 4 | OTHER | 02002 | 발리감레보해 고품질 초를릿 사용이제의 쇄은 산 코과하터를 | 사ul이  바이 방길수 없의안는 합uQ. | 총 내용량 36 g 172 kcal | 0 | 00 | 141B8안2:6 061813407동 | U아무 | EOO | 心 | OTHER | 2000 | 卫 | 36  172 kcal | 00 | 2915%% | 31% | 2010±(Y | 1 | OTHER | 02002 | 발리감레보한 고품질 초를릿 사용제의쇄롯은 순수 코코하체를 | ul이 관 면이 병길수 없의.한는 대입Q. | 총 내용량 36 g 172 kcal | 프바한 | 1 229 731당 90 19119방 80 63 | Unlabl] | 74특2스4 5mg 0만13 단배주 3053 | Unll | 建 | OTHER | 20000 | 卫 | 36g 172 kcal | 微S | 22g 7%5 19g19%  8g 15% | 24=100%) | Carpan | 7%25m01%395% | 4 | OTHER | 리간례보 름결름및 사용l] | nl이ll | 총 내용량 36 g 172 kcal | 120731당 90 191재 80 153 | C | 7특레스티 59 013 단백직 353 | Une] | 心 | OTHER | 卫 | 36 172 kcal | 22g 7% 导 19g 19% % 8g 15% | Corcan | 7%25m01%395% | 프바분 | unlnabl | C0 | 발리감레보해 고품질 초를릿 사용이제의 롯은 순수 코코하터를 | 사용하이 서 F렁하이 정이 생길 수 없으나.한는 위대합니Q. | 등 220 7318 19g 1931재방 89 153 | 총 내용량 36 g 172 kcal | 741스타1 5m9 미만13E번주 3054 | U기장필입 대 수뇌 | 8::5101 | OTHER | 微 | 24=100%) | Carcan | 卫 | 22g7%519g19%8g15% | 36 g 172 kcal | 7%25m01%395% | 880101 | OTHER | K한S | 발리감레보 고품질 초를릿 사용제대은사코 | 용u의 서 명합이 방길수 없의.한는 합Q. | 등 220 7318 99 1931재방 80 153 | 총 내용량 36 g 172 kcal | 7를스H 5mg 이만13 단백질 305일 | Un | OTHER | 5 | 社 卫 | 22g7%  19g19%  8g15% | 36g172 kcal | 7%5m01%395% | OTHER | E | 02002 | 발리감레보해 고품질 초름릿 사용제의쇄롯은 순수 크코하티 | 사용l의 서 양바문면이 병길수 없의나.한는 합Q. | 총 내용량 36 g 172 kcal | 207315 90 1931재 80 153 | Una00 | C | 74를2스태  5mg D13 단변주 305앗 | U | 心 | 02000 | 卫 | 36g 172kcal | 22g 7%5 19g 19% % 8g 15% | 24=100% | Carcan | 7%25m01%395% | 02002 | 발리간레보원 고품질 초름및 사용세대관교 | [nll .l] | 총 내용량 36 g 172 kcal | 1207:31당090 191재봉 80 163 | C | 기를격스타 5m9 01단백직 35일 | 02000 | 卫 | 36 172 kcal | 22g 7% 5弄 19g 19% 增 8g 15% | Coca | 7%25m01%395% | 크바뉴한 | 4e100%) | 발리깥레보해 고품질 초를릿 사용이제의 쇄렇은 순수 코코하터 | 사용하이 고서 후양학하인면형이 생길 수 없으나.안는 위택합니Q. | 등 29731당류 99 1931재방 89 153 | 총 내용량 36 g 172 kcal | 3 리스타H 5mg 이만13단변주 3054 | U비 | 微 | 24=100%) | 卫 | 22g 7%  19g 19% % 8g 15% | 36g 172 kcal | 7%5m01%395% | K랜S | 발리갈레보해 고품질 초를릿 사용제의곳은 산크일 | 사용하의  F명하명이 병길수 없의.한는 합니다. | 등 220 731당류 90 19316방 89 153 | 총 내용량 36 g 172 kcal | 74틀스타H 5m90만13단백주 3055 | U한대비 | 5 | 社 卫 | 22g 7%5导 19g19%  8g 15% | 36g172kcal | 7%5m01%395% | Q2002 | 발리깥레보해 고품질 초를릿 사용이제의 쇄은 | 사용적의 고서 명하안면 형이 병길 수 없으나.한는 대합uQ. | 총 내용량 36 g 172 kcal | 220731당90 19113방 89 153 | C | 74를2스타 5m9D만13단변주 3053 | 0200 | 社 卫 | 36g 172 kcal | 22g 7% 5导 19g 19% 增 8g 15% | Carce | 7%2-5mg01%395% | 발리감레보해 고품질 초름릿 사용이제대곳은 | 사용l의  F명하이 방길수없의.안는대합 | 총 내용량 36 g 172 kcal | 20731당류 90 91재 80 63 | Cc | 시를리스타 5m9 0만13 단배직 3059 | U | 暂社 卫 | 36 172 kcal | 22g 7% 导 19g 19% % 8g 15% | Corce | 7%25mg01%395% | Q2002 | 발리깥레보해 고품질 초를릿 사용이제의 쇄은 | 사용적의 고서 명하안면 형이 병길 수 없으나.한는 대합uQ. | 총 내용량 36 g 172 kcal | 220731당90 19113방 89 153 | C | 74를2스타 5m9D만13단변주 3053 | 0200 | 社 卫 | 36g 172 kcal | 22g 7% 5导 19g 19% 增 8g 15% | Carce | 7%2-5mg01%395% | 발리감레보해 고품질 초름릿 사용이제대곳은 | 사용l의  F명하이 방길수없의.안는대합 | 총 내용량 36 g 172 kcal | 20731당류 90 91재 80 63 | Cc | 시를리스타 5m9 0만13 단배직 3059 | U | 暂社 卫 | 36 172 kcal | 22g 7% 导 19g 19% % 8g 15% | Corce | 7%25mg01%395% | 100% | 번S | 발리깥레보해 고품질 초를릿 사용이제의 쇄롯은 순수코 | 사용하여 고에서 류명하학인백 명이 생길 수 없으나,안는 위대합니Q. | 물 229 731당류 199 19317방 89 153 | 총 내용량 36 g 172 kcal | 73 스타H 5m9 0만13 E변주 3054 | n주이으 했이  리 | Una | 8-95101 | 100% | Vs | 社 卫 | 22g7%519g19%8g15% | 36 g 172 kcal | 7%5m01%395% | 7 | 经 | 8000101 | 발리감레보해 고품질 초를릿 사용제의태은 사교 | 사u의 확서 명이 병길 수 없의.한는 대합다. | 물 220 731당류 99 1931재방 89 153 | 총 내용량 36 g 172 kcal | 74를연스타H 5m9 0안13 단변주3053 | [Una가주이으로강의 요 l | T대수양시E | 社 卫 | 22g 7%导 19g 19%  8g 15% | 36g 172kcal | 7%25m091%395% | 7 | 100% | 번S | 발리깥레보해 고품질 초를릿 사용이제의 쇄롯은 순수코 | 사용하여 고에서 류명하학인백 명이 생길 수 없으나,안는 위대합니Q. | 물 229 731당류 199 19317방 89 153 | 총 내용량 36 g 172 kcal | 73 스타H 5m9 0만13 E변주 3054 | n주이으 했이  리 | Una | 8-95101 | 100% | Vs | 社 卫 | 22g7%519g19%8g15% | 36 g 172 kcal | 7%5m01%395% | 7 | 经 | 8000101 | 발리감레보해 고품질 초를릿 사용제의태은 사교 | 사u의 확서 명이 병길 수 없의.한는 대합다. | 물 220 731당류 99 1931재방 89 153 | 총 내용량 36 g 172 kcal | 74를연스타H 5m9 0안13 단변주3053 | [Una가주이으로강의 요 l | T대수양시E | 社 卫 | 22g 7%导 19g 19%  8g 15% | 36g 172kcal | 7%25m091%395% | 7 | Q2002 | 발리깥레보해 고품질 초를릿 사용이제의 쇄렇은 | 사용하이 고서 F령확하인 형이 병길 수 없으나.한는 위대합니Q. | 총 내용량 36 g 172 kcal | 22073당5 90 193재8 80 153 | 79를2스타 5mg D만 1 단변직 35 | [Una 가주이로 것의 필요  대 수 한습 | 0200 | 社 卫 | 36g 172 kcal | 22g 7% 5导 19g 19%  8g 15% | 7%25mg01%395% | 발리감레보해 고품질 초름릿 사용이제의쇄곳 | 사nu 명명이 병길수압으.안는 합다. | 총 내용량 36 g 172 kcal | 20 731당$ 90 1919 80 153 | 79특레스타 5m9 0만13 단백직 3053 | 暂社 卫 | 36g172kcal | 22g 7% 5导 19g 19%  8g 15% | 7%25m01%395% | Q2002 | 발리깥레보해 고품질 초를릿 사용이제의 쇄렇은 | 사용하이 고서 F령확하인 형이 병길 수 없으나.한는 위대합니Q. | 총 내용량 36 g 172 kcal | 22073당5 90 193재8 80 153 | 79를2스타 5mg D만 1 단변직 35 | [Una 가주이로 것의 필요  대 수 한습 | 0200 | 社 卫 | 36g 172 kcal | 22g 7% 5导 19g 19%  8g 15% | 7%25mg01%395% | 발리감레보해 고품질 초름릿 사용이제의쇄곳 | 사nu 명명이 병길수압으.안는 합다. | 총 내용량 36 g 172 kcal | 20 731당$ 90 1919 80 153 | 79특레스타 5m9 0만13 단백직 3053 | 暂社 卫 | 36g172kcal | 22g 7% 5导 19g 19%  8g 15% | 7%25m01%395% | 0L00 | 발리깔레보할 고품질 초를릿 사용이 제의 최은 순수 코3의 | 시이 고이에서 불하변 이 평길 수 있으나,안는 대합니Q. | 총 내용량 36 g 172 kcal | 파위 | e | Canl | 영양정보 | LE 5m 33탄수을 229 731당류 9g 1911재방 89 153 | E00E방4927레스터 5m9 0만1I단백395 | 000 | 鞋 卫 | 4 36 g 172 kcal | 200-8020元 | 1=100% | Cooven & Z To lesen Corcary | 45mg 3% 个站量 22g 7%  19g 19% % 8g 15% | 094927%5mg001%395% | 200206 | QL00 | 발리깔레보한 고품질 초름릿 사용이의 롯은 순수 크코의 | n이 서 물한이 광길 수 있이안는 합Q | 총 내용량 36 g 172 kcal | [Unbe | [unlael | C | 영양정보 | LE 5m 338수월 29 731당$ 199 191재방 80 153 | E 00 E방4927S 4스타 5m9 0만131CN305 | 000100 | UnaR | 0000 | 雪鞋 卫 | 36 g 172 kcal | 200-82元出 | 1=100% | ep  a Te ten Carcan | 45mg 3% 个站量 22g 7% 5 19g 19% % 8g 15% | 0g4927% 5mg01%395% | 2120 | 0L00 | 발리깔레보할 고품질 초를릿 사용이 제의 최은 순수 코3의 | 시이 고이에서 불하변 이 평길 수 있으나,안는 대합니Q. | 총 내용량 36 g 172 kcal | 파위 | e | Canl | 영양정보 | LE 5m 33탄수을 229 731당류 9g 1911재방 89 153 | E00E방4927레스터 5m9 0만1I단백395 | 000 | 鞋 卫 | 4 36 g 172 kcal | 200-8020元 | 1=100% | Cooven & Z To lesen Corcary | 45mg 3% 个站量 22g 7%  19g 19% % 8g 15% | 094927%5mg001%395% | 200206 | QL00 | 발리깔레보한 고품질 초름릿 사용이의 롯은 순수 크코의 | n이 서 물한이 광길 수 있이안는 합Q | 총 내용량 36 g 172 kcal | [Unbe | [unlael | C | 영양정보 | LE 5m 338수월 29 731당$ 199 191재방 80 153 | E 00 E방4927S 4스타 5m9 0만131CN305 | 000100 | UnaR | 0000 | 雪鞋 卫 | 36 g 172 kcal | 200-82元出 | 1=100% | ep  a Te ten Carcan | 45mg 3% 个站量 22g 7% 5 19g 19% % 8g 15% | 0g4927% 5mg01%395% | 2120 | QLOC | 83931019 | 발리감레보할 고품질 초를릿 사용이 제의 최은 순수 코로의에 | 시용이 이서 플민 이 길 수 있으안이는 대합니. | 총 내용량 36 g 172 kcal | 20파 | 1 | Uune | 영양정보 | LE Em 33년수월 29 731당류 9g 1913재방 8g 153 | E스재00 지방 4927일1레스타 5m9 0만 1억 단백질 395 | O00 | 8901019 | 鞋 卫 | 4 36 g 172 kcal | 200-02 出费 | 1100% | Covege 8 Z To léesen Carpany | 4 5mg 3% 包个量 22g 7%  19g 19%  8g 15% | 80g至4927%5mg01%395% | 2 | 0L00 | 발리감레보해 고품질 초를릿 사용이제의해은 순수 코개에 | [n이 관서  이 병길 수 없.는 입. | 총 내용량 36 g 172 kcal | U백 | unlael | 영양정보 | LE 5m 338수4 29 7311당통 199 1931재방 80 153 | E400 방4927S 4스타 5m9 0만 11 단305 | 1 | 0000 | 卫 | 0 | 36g 172 kcal | 200-82元 | 1=100% | 4 5mg 3% 龄站量 22g 7%  19g 19% % 8g 15% | 80g4927% 5mg01%395% | 2 | QLOC | 83931019 | 발리감레보할 고품질 초를릿 사용이 제의 최은 순수 코로의에 | 시용이 이서 플민 이 길 수 있으안이는 대합니. | 총 내용량 36 g 172 kcal | 20파 | 1 | Uune | 영양정보 | LE Em 33년수월 29 731당류 9g 1913재방 8g 153 | E스재00 지방 4927일1레스타 5m9 0만 1억 단백질 395 | O00 | 8901019 | 鞋 卫 | 4 36 g 172 kcal | 200-02 出费 | 1100% | Covege 8 Z To léesen Carpany | 4 5mg 3% 包个量 22g 7%  19g 19%  8g 15% | 80g至4927%5mg01%395% | 2 | 0L00 | 발리감레보해 고품질 초를릿 사용이제의해은 순수 코개에 | [n이 관서  이 병길 수 없.는 입. | 총 내용량 36 g 172 kcal | U백 | unlael | 영양정보 | LE 5m 338수4 29 7311당통 199 1931재방 80 153 | E400 방4927S 4스타 5m9 0만 11 단305 | 1 | 0000 | 卫 | 0 | 36g 172 kcal | 200-82元 | 1=100% | 4 5mg 3% 龄站量 22g 7%  19g 19% % 8g 15% | 80g4927% 5mg01%395% | 2 | 사용책의 고서 투렁하인영이 생길 수 없의나.안는 무대합 | 리감레보해 고품질 초를릿 사용이제의최 | 등 20 731당 90 19116방 80 153 | 총 내용량 36 g 172 kcal | 73특레스타 59 D만 1억 단백직 3T54 | Un기l한 대 수뇌 | 8*8511 | 社 卫 左 | 22g 7% 5 19g 19%  8g 15% | 836g 172 kcal | 7%5m01%395% | 89010 | 용행이 서 F명확명이 영길 수 없이나.한는 대합 | 리깔레보해 고품질 초를릿 사용이제의최 | 29 731당류 9g 1931재방 80 153 | 총 내용량 36 g 172 kcal | 7틀스타 5m9 미만13단백직 305 | Unn장대비 | 社 卫 | 22g7%5 19g 19%8g15% | 36g172kcal | 7%5m1%395% | 사용책의 고서 투렁하인영이 생길 수 없의나.안는 무대합 | 리감레보해 고품질 초를릿 사용이제의최 | 등 20 731당 90 19116방 80 153 | 총 내용량 36 g 172 kcal | 73특레스타 59 D만 1억 단백직 3T54 | Un기l한 대 수뇌 | 8*8511 | 社 卫 左 | 22g 7% 5 19g 19%  8g 15% | 836g 172 kcal | 7%5m01%395% | 89010 | 용행이 서 F명확명이 영길 수 없이나.한는 대합 | 리깔레보해 고품질 초를릿 사용이제의최 | 29 731당류 9g 1931재방 80 153 | 총 내용량 36 g 172 kcal | 7틀스타 5m9 미만13단백직 305 | Unn장대비 | 社 卫 | 22g7%5 19g 19%8g15% | 36g172kcal | 7%5m1%395% | OTHER | 0L00 | 발리깔레보할 고품질 초름릿 사용이 제의 쇄롯은 순수 코크하터 | 시용하이 고전에서 투망하는 행이 광길 수 있으나,안는 합니Q. | 총 내용량 36g 172 kcal | 2파의 | e] | cen | n331탄수을 2g 731당류 19g 1913재방 8g 153 | 토지방 49274스타 5m9 0만 1 단백질305억 | 2000008101 | OTHER | 0070 | 鞋 卫 | 0 | 36g 172 kcal | E9 | 200-202元 | 1=100% | pve S Zia To leen Coargany | 3% 龄量 22g 7%导 19g 19%增 8g 15% | 平4927%5m01%395% | 201 | 1 | OTHER | 0L002 | 발리깔레보한 고품질 초를릿 사용이 제의쇄은 순수 코로하데를 | n이l 이서 물 방이 평길 수 있이안는 대합Q. | 총 내용량 36 g 172 kcal | b | [Une] | *33년수4 29 731당$ 199 191재방 89 155 | 모재방4927S4스45m90만11단3105 | 2001 | 建 | OTHER | 20070 | 鞋 卫 | 0 | 36g 172 kcal | P9 | 200-82元 | 1=100% | 3% 龄量 22g 7% 导 19g 19% % 8g 15% | 4927%5mg01%395% | 2 | 발리갑레보해 고품질 초를릿 사용이제의 쇄곳 | 사용하이 고서 불F명학인면 정이 생길 수 없으나.한는 위대합니다. | 등 20 731당 190 19116방 80 153 | 총 내용량 36 g 172 kcal | 74연스타H 5m9이만13단변직305 | Jn가주00로의 필요면 | 社 卫 | 22g7%519g19%%8g15% | 836g172 kcal | 7%5m1%395% | 발리감레보해 고품질 초를릿 사용제의쇄곳 | 용u이 서 F명하명이 병길 수 없이나.한는 대합다. | 등229 731당류 90 1911재방 89 153 | 총 내용량 36 g 172 kcal | 71를2스타H 5mg 이만13 단배직 305 | a가주이0로것의 활요 | 暂社 卫 | 22g7%导19g19%8g15% | 36g172kcal | 7%5m1%395% | k0027000 | 8 | QL00 | 발리깔레보한 고품질 초를릿 사용이 제의 맛은 순수 코아베터 | 대용하이 고온이리에서 불망하변 이 평길 수 있으나,안에는 무대합니Q. | 총 내용량 36 g 172 kcal | 바트 | 명 | 33탄수을 29 731당류 19g 1931재방 8g 153 | 재방49273스타 5m9 0만 1단백질 305 | 22000 | 宣 | 10 | 0000 | 鞋 卫 | 4 36 g 172 kcal | 鑫盟崎 | 理 | 3% 龄量 22g 7% 导 19g 19% % 8g 15% | 4927%5m01%395% | 20 | OT | OL00X | 발리깔레보해 고품질 초름릿 사용이 제의쇄은 손수 크로하터 | [Pn의l 이서 이 이 병길수 없이.안는 입Q. | 총 내용량 36 g 172 kcal | A트바유렌드 | 100 | 평 | 33탄수4 29731당류 199 191재방 89 153 | 지방49274스타 5m9 0만 1 단백305 | 20008 | OT | 20770 | 鞋 卫 | 0 | 36 g 172 kcal | 鑫盟峰S | 1418=100%) | 理 | 3% 龄量 22g 7% 导 19g 19% % 8g 15% | 4927%5m01%395% | 200 | 발리깔레보한 고품질 초름릿 사용이 제의 쇄롯은 손 | 사용이 관이에서 물큰 이 평길 수 있으나,안에는 무대합니Q. | 총 내용량 36 g 172 kcal | nCroan | JE수을 29 731당류9g 193재방 8g 153 | 49274스타 5m90만13 단백질305 | 20이대수 | 鞋 卫 番 | 436g 172 kcal | Carcan | 量 22g 7% 5弄 19g 19%  8g 15% | 4927%5m01%395% | 200k | 발리깔레보할 고품질 초름릿 사용이 제의헤은순 | [nl 이서  이 병일 수 이.는 합Q. | 총 내용량 36 g 172 kcal | 탄수월 29 75 1당$9g 1931재방 89 153 | 4927s레스타5m90만13단백질305 | 320000대수 | 雪鞋 卫 | 0 | 436g 172 kcal | 量 22g 7% 导 19g 19%  8g 15% | 4927%5m01%395% | 2000 kal 0 | 210724 | 0271. | 290L0Z | 20271. | 210724 | 0271. | 290L0Z | 20271. | 발리갈레보 | 사용에 | I바b | Unal | C0 | 4 | 微 | 24=100% | Carce | 발리갈레요 | 사용HO | La | C | 8 | 24=100% | Corcan | 재의들 | 1318 | TE스H 5O | ka가주이D2 | 00 | 7%18 | 7%50 | kad720102) | 70이일 | 71당5 | 0E스H 50 | C가주00로) | 9 | 7%18元 | %50 | kcal720102",,자유시간,0.5386,view1,paddleocr_boost,,OCR_NO_MATCH,,REINSERT
IMG_5127.jpg,마이쮸,,1,8801111187893,마이쮸,mgg | 20.10.26XA | 8801111187893 | 포도과습5.1%(생물환산시) | OTHR | 팽 BI BR8M | mg/g.bo44g | 26.10.26万次A | 8801111187893 | 1 () | OTHER | 81 (885) | 2b.10.26XA | 88011111187893 | 포도과습5.1%(생물 | UTHTR | 팽를우을 | 26.10.26万次 | 8801111187893 | 亚亚悟5.1%(号 | OTH1R | 0188 | 2b.10.26XA | 88011111187893 | 포도과습5.1%(생물 | UTHTR | 팽를우을 | 26.10.26万次 | 8801111187893 | 亚亚悟5.1%(号 | OTH1R | 0188 | n | 7 | 26-10 | 88011111187893 | UTHTR | 26.10 | 8801111187893 | OTHIR | 26.10.26XA | 포도과습5.1%(생물 | 마a우을 | 26.10.26万入 | 亚悟5.1%(含号 | 8188 | 2D.10.26XA | 번 | 26.10.26万次 | 马 | 2D.10.26XA | 버 | 26.10.26万次 | 工 | 2D.10.26XA | 번 | 26.10.26万次 | 马 | 2D.10.26XA | 버 | 26.10.26万次 | 工 | 26.10.26XA | 포 | 26.10.26万次 | 亚 | 2b.10.26A | 포 | 26.10.26万大 | 亚 | 26.10.26까XA | 포도 | 26.10.26 | 5 | 2b.10.26XA | 포도 | 26.10.26万大 | 亚 | 26.10.26까XA | 포도 | 26.10.26 | 5 | 2b.10.26XA | 포도 | 26.10.26万大 | 亚 | 26.10 | 26.10 | 26.10 | 26.10 | 운적 | 五 0188 | u | 88 | 운적 | 五 0188 | u | 88 | 포도과습5.1%(생물 | 亚悟5.1%(含号 | 포도과습5.1x(생물 | 亚语5.1%(号) | 포도과습5.1%(생물 | 亚悟5.1%(含号 | 포도과습5.1x(생물 | 亚语5.1%(号) | 8 | 8 | 8 | 8 | 프바우 | 五 8188 | 프은a P1 을 | 18 | 프바우 | 五 8188 | 프은a P1 을 | 18 | 를1운움Vl | 五2 81 880 | U정1양운MR | 81 80 | 를1운움Vl | 五2 81 880 | U정1양운MR | 81 80 | 포도과습5.1%(생물환산시) | ) 51 () | 포도과습5.1%(생물환산시) | ( 51 () | 포도과습5.1%(생물환산시) | ) 51 () | 포도과습5.1%(생물환산시) | ( 51 () | LCoumgg. | m-iLic60mgling. | LCoumgg. | m-iLic60mgling. | OTH1R | OTHIR | GTHIRK | 2 | oTHIR | 大 | OTH1R | OTHIR | GTHIRK | 2 | oTHIR | 大 | OTHTR | OTHIR | AGTHR | THin | UTHR | OTHER | OTHIK | OTHiR,마이쮸,마이쮸,0.7444,view2,paddleocr_boost,,CONFIRMED,마이쮸,CONFIRMED
IMG_5155.jpg,신라면,,1,8801043014809,신라면,"5a | ( | 1 | 이 | 008 | R욱 | 1 | 6W06/1 | E | 0001 | 1 | s | 0021 | wemwrrm | W | 10 | 1819-E70-080 | 은 | (이온애있었 | DOO | ·군 | 행티 서 극라이구이기 | 이이링기 이데 이이이 | o작기장정 | 0 | 대기기 | 성영영장장설설기 | 기·정위성영 | 농심 | 96%0909/7 | SOOEL | 602188h올 | 며 연 연으 | 이''..이. | 백 | 능을 | 211 이터 | 5-100L1022610) | 2002790206 | Z-/000900986 | IIR | 1511115751 | 1608710701088 | u셋. | 연 | u을 | k- | sh3 | FlOT82 | 이     이 | rlotocyeirHolekole | clolol 1lo(k)ah | loo()OS | 다늘8 | 위 | Jlok' | wOoes | 음h | uI | 교일 | ss | p | 76w0 | 品2()288 | 1 | 旺己品普 | 008 | 尼号 | 2 | 179mg | ε | 100 | A | 5 | 1200 | w..co | n | 1400 | 80035181 | 吕青号Y文吕k | bh号话文量28层 | () | HACP | 爱里 | 60 | 1 | 百食品品 | 引 | 9l10 9   0  0 0  9 20% | x¥19191991309513% | 五品号品0 | ·亚尼 | 吉合 | L1e4% | 是lYix·bh尼景侯侵巴 | 500cal | u189 120 | 5'吉ly'k'lo号吧'品 | 确亚百 | 器 | 早012000016 | P0. 11 | 全02 | 19860307-21(91) | PCAY | 9760011155(09 | 重 | 8 110011010109 | 居行 | 品 | k片-5'B | 品 | 8 | 可rig灭 正员 话 参品 10店 10风估 后导柜 百0居品 量否0是 r 答房 | 9 | 2  o I主 量异 (局)量 | 居 1   及  2 | lo是Elok章 豆昂音 把品'本 问畏 蛋(当屁昆EOSs | 622 | 层2亚 | Pololh | Noodles | 品2 | 品景 | in | P012Y | Happiness | Spicy | Spicy | Happiness | In | 신라면 | 제품명 | ·연소액부일미국신로 | 라면 | Noodles | 조리법 | 소금, 마조미주출물 면 | 갈음,한산니트통,제이인 | (메타인산나트름,폴라요 | 나트용 피G인산니트통 | 비타EE2 스ng/소고기 | 550m(3컵정도)를 끝인 후,면과 분말스프,후레이크를 같이 별고 | nae | 원재로명 | 4분30초간 더 끌이면 열큰한 소고가국를 맛의 신라연이 됩니다. | HO모 B간 | u면압 법래범(내 | U . | u 을이 - | p류-누 B | 장링정정입위부림방 | 공류 | 조미분,호박산이나트름,대 | 경재,건표고버섯,건당근, | 밀 대두,돼지고기,계란, | 포장재 | 후면 표기일까지 | 88010430148091 | 소비기현 | 19760342001-155(안양 | 품목 | 19860360007-21(안성) | 2023.09.26까지 | R욱 | 보고번호 | (구0),19720154001-16 | 구미 2306 하진추 0016 | ·우유,메일,땅룡,고등어,게,새우,통 | 총 내용량 120g | 500 kcal | 오징어,잣,조개류(굴,전복,홍합 포함 | 같은 시설에서 제조하고 있습니다.·소 | 교한,환불해 드립니다.·직사광선들 | 영양정보 | 건조한 곳에 보관하십시오.·농신물 | u택영장설업정식 | 71간74.8717.94796 19112 | 한k작기니애장 정이즈 | 6간기68정6C | 티내 아해서 극데터 물운게않개· | 한간2. 대 0..너.테테 | HACCP | 본사 및 구입한 곳.·본사:서울특별시 | 여의대방로 112(신대방동) | W | 1일 영양성분 기준치에 대한 비율(%)은 2,000 kcal 기준이므로 개연의 | 1400 | 고객상담 수신자요금부담 | 5 | 필요 열량에 따라 다를 수 었습니다. | 1200 | 080-023-5181 | 3 | 1000 | www.nongshim.com | 1790mg | 2 | 농심 | 800 | 나트를 항량비교 표 | 0 10g | 유당()e | Spicy | Happiness | In | 1021 | ZOIRIOTNO | Noodles | ()) | E | HEF图人口/ | 550(),, | anod.gonce | FD 8A | 导  后及  co 是王 量 (同)量 | 2 vlo | o    e | 归k片-5B | 可e亚 工员 品 品 10% 10t 后柜 20品 是 r | 品记 | ， | 22 | ， | 8801043014809 | 上阳包 | 19760342001-155(010) | 器 | 19860360007-21() | 2023.09.26 | 层号 | 卫 | (700,19720154001-1(5 | 23060016 | ，，，，， | 120g | 500 kcal | ，，， | RD | 五片品号品品同易 | L1e99114% | 引文胆尺 | 1169916093% | 60 | l1109 130% | HACCP | () | 11 | ) | 1400 | 5 | 1200 | 080-023-5181 | 3 | 1000 | www.nongshim.com | 1790mg | 2 | 告台 | 800 | 0mg | 0(220 48 2 | Spicy | Happiness | 신라면 | 제품명 | 라면 | Noodles | 조리법 | 이조매주출물,면 | 소금, | 갈동,한산니트룡,제이인 | (메타인산나트름,폴리업 | 나e,nGL트A | 비타EE2 스듀소고기 | 550m(3컵정도)를 급인 후,면과 분말스프,후레이크를 같이 넷고 | 원재로명 | 4분30초간 더 끌이면 열큰한 소고가국를 맛의 신라면이 됩니다. | Un 조이 | 엑이스,간장분일,조이 | ·나트통(식염)섭추를 조절하기 위하여 기호에 따라 적장량의 스프를 창 | 5'-리보뉴클레오티틱 | 하여 조리하십시오 초리 시 안전시고에 주의하세요 ·끝는 물에 스므를 | 공 | 경음 시 늘어오를 현상으로 화상의 위험어 있으니 연을 면처 넘고 조리하세요 | 조미분,호박산이나트름,대 | n | 경재 건고버섯건당근 | 밀, 대두,돼지고기,계란, | 포장재 | 후면 표기일까지 | 88010431014809 | 소비기현 | 19760342001-155(안양 | 품목 | 19860360007-21(안성), | 2023.09.26까지 | 모육 | 보고번호 | (구0),19720154001-1(6 | 부미 2306 하진추 0016 | ·우유,매일,평랑,고등어,게,새우,통 | 총 내용량 120g | 500 kcal | 오징어,잣,조개류(굴,전복,흥합 포험 | 같은 사설에서 제조하고 있습니다.·소 | 교한,환불해 드립니다.·직사광선들 | 영양정보 | 건조한 곳에 보관하십시오 ·농산물 | 하여 벌레의 영향을 받기 쉬우니 포장 | 나트1790mg 90% 탄수화물 79 g 24% 당류4 g 4% | 보관에 유의해 주시고 개봉 후에는 즉 | ·부정 불량식품 신고는 국번없이 139 | 지방 16g30% 트랜스지방09 포화지방 8g .53% | 레스테를 0mg 0% 단백질 10g 18% 칼슘 143 mg 20% | HACCP | 본시 및 구입한 곳·본사:서울특별시 | 여의대방로 112(신대방동) | 1일 영양성분 기준치에 대한 비율(%)은 2,000 kcal 기준이므로 개연의 | 1400 | 고객상담 수신자요금부담 | 필요 열량에 따라 다를 수 있습니다. | 1200 | 5 | 080-023-5181 | 3 | 1000 | www.nongshim.com | 1790mg | 2 | 농심 | 800 | 나트를 항량 비교 표 | 0 1mg | 유당연위(경)연관 | Spicy | Happiness | 121V | Noodles | ， | a | ()) | HE图人口/ | 550m(3),, | 人210 | ( | 5-2 | 品2 | ，， | 1 | ，，2 | ， | 8801043014809 | 上却做 | 19760342001-155(010) | 器 | 19860360007-21() | 2023.09.26 | 层号 | 卫 | (700,19720154001-1(5 | 23060016 | ，， | 120g | 500 kcal | ，(，， | RD | 1790mg90%79g24%4g4% | 16 g30%  0 g  8 g 53% | 0mg0%10g18%143 mg20% | HACCP | ( | 1400 | 1200 | 5 | 080-023-5181 | 3 | 1000 | www.nongshim.com | 1790mg | 2 | 台 | 800 | 4 | 0mg | 058(220 48 20 | P재 | R욱 | 영리R요 | 6uc | S | weum..s.r.w | 1812-470-080 | 한송부장설설영영 | 담매한정을위 | OOR | 임부말 이티,.기구-(지뱅리이리이이 | 레스테를 0mg 0% 단백질 10 g 18% 갈숨 143 mg 20% | 지방 16g 30%트랜스지방 09 포화지방 8g 53% | 나트1,790mg 90% 탄수화물 79g 24% 당류4g 4% | 500 kcal | 총 내용량 120 g | 구미 2306 하진주 0016 | 2023.09.26 까지 | 8801043""014809 | II | 플어오를 현상으로 화상의 위험이 있으니 연을 먼저 넣고 | 하십시오 조리 시 안전시고에 주의하세오 | 식업)설취를 조절하기 위하여 기 | 品品2品 | 尼号 | 旺 | mg | 5 | wwn.com | 8005181 | 吕青号文吕k | bh话文量28层 | HACCP | 1 | 百食品品 | 0 mg 0%  10 g 18%143 mg 20% | 16g30% 0g8g53% | 41,790 mg 90% 79g 24%  4g 4% | 500 kcal | 120g | 23060016 | 2023.09.26 | 8""801043""014809"" | T | 器Blo县b | bs0 | 1 | 008 | R욱 | n테파그 | 1 | 100644 | E | 0001 | 1 | s | 0020 | A | oo0 | 한정으 | (u베있었 | 1한연장 | 톨레스태를 0 mg 0% 단 | 본사 및 구입한 곳,·본사:서울특별시 | 지방 16g 30% 트랜스지병 | -부정 불링식품 신고는 국번없이 139 | 나트름 1.790mg 90% 탄4 | 보관에 유의해 주시고 개봉 후에는 즉 | 한택싱영장생설식 | 지·위성 | 동심 | 탁고 | 충ㅎ | 장면·면 | 주 | 30 | 단작.이‘'... | 눙음 | 2U-211L22.20 | 1QB)Z-L009900986 | 힙ICR | 105S1051E096 | 배연영 | 08701088 | 유야려 | u남연.일 | D | R레2 2운R | b물을니일 | pok를박- B4 | 무 | U .2 | 방기담정위방 방합연위위예정위 | l(h | 4분30초간 더 끝이면 열반 | 550m3uL | 6wg | 2备 7()70 | 1 | 008 | 尼号 | 旺品普 | 2 | 1790mg | 3 | 1000 | 4 | 5 | 1200 | 儿 | 1400 | 导话文量亿初0品品8层 | (b) | 0 mg0% | 16g30% | 41,790 mg 90% | 百食品品 | 五片品品品易 | 居号·Y保尼百原亚尼 | 吉台 | 是lYx·bhe侯“宿己 | 00 | 店 | 五号亚花1强 | 刷亚百 | 20 | 5lyk'lo号 | 器 | 0 0-1 | 19860360072109179) | PIdAY | 早97620115(9 | 8 80144301 | BY&五 | 04 | bo | k片-5'B | 2 V | 君品 10店 10品比 后片柜 百0居品 量0是 r 房 | Bieo  2  e | 保估I是王量导(同)量ā | 550ml3 | 안00동 | 4169690 | 118711187111818 | 운면영장병작정 위방압위탁면 | u방을이발을이 | 면범남취 | 내레탈연면자면면면 | 투들인  박면.연장 | 위 | wOoos | 노수 | ul | Happiness | Spicy | 160016 | 092 | 8840444444109 | 可ie2亚 正员 品 参品 10店 10风比 后异柜 百0居品 量0器 | 后层 2  o I9屋王 量 (局 | 及 | lo是暑Elo肥车豆居音亿品'本记县曼(王品昆E) | 届2亚 | Noodles | 品 | in | Happiness | Spicy | 5-1000 | RZ-1000909 | AA | 190012-12117111 | 808701088 | 작래클영 | u렛 남없면 | 22 운 | 산.니을 | 를셋조- B | U제 . | 영기 작정위방 증장연위테정위 | FIO8R2 | Cltb한범(위식이 | 988B9 | 한리기연면리래-면한탈레 | 한남영겨스면셋... | 망aNs품ah | ua'.부내레미) | 근구 | 일'물부으 | OOoes | 수 | [ua2 2 | UI | 공운올도 | Happines | Spicy | -100V | 603600721(019) | PdAY | 197601-1505(919 | 888080301 | 居 | blo | 归片2-5'B | 12 Vo | 君品 0店 10品估 后片柜 百0居品 暑50要 r 告家 | 2  9 | F 2088 0 | 2o |是王 量 (同)量 | 120007820020 | 2   及  2 | 京豆居者亿品'本记县曼(王品昆E)山OSS善 | hvios | ( | Golot shne'92 | Noodles | 品2 | 记加 | in | nl | Happines | Spicy | 오·농산물 | 쉬우니포장 | 영양정보 | 포화지방 8g53% | 개봉 후에는 즉 | 갈슘 143 mg 20% | 국번없이 139 | 나트 1790mg 90% 탄수화물 79 g 246 당류4 9 | 트랜스지방 00 | 본사:서울특별시 | 지방 16g 30% | HACCP | 대방동) | 몰레스태를 0mg 0% 단백질 10 g18% | 1일 영양성분 기준치에 대한 비율(%)은 2,000 kcal 기준이므로 개연의 | 1400 | 고객상담 수신자요금부담 | .00 | 5 | 필요 열량에 따라 다를 수 었습니다 | 080-023-5181 | 3 | www.nongshim.com | · | 8g53% | 曙 | 合143mg20% | 1 | 1790mg90%79g24%4g | ：人 | 16g30% | HACCP | 0mg0%10g18% | ) | 1400 | 00 | 5 | 080-023-5181 | 3 | www.nongshim.com | 오·농산물 | 쉬우니 포장 | 영양정보 | 포화지방 8g 53% | 개봉 후에는 즉 | 갈슘 143 mg 20% | 00 | 국번업이 139 | 나트 1790 mg 90% 탄수화물 79 g 243 당류49 | 3]단백질 10 g 18% | 본사 서울특별 | 지방 16g30% 트랜스지방 0o | HACCP | 대방동) | 콜레스테를 0mg 0%[ | 1400 | 1일 영양성분 기준치에 대한 비을 (%)은 2,000 kcal 기준어으로 개연의 | 고객상담 수신자요금부담 | 00 | 5 | 필요 열랑에 따라 다를 수 있습니다. | 080-023-5181 | www.nongshim.com | · | 8g53% | 合143mg20% | 00 | 19 | 1,790mg90%79g24%4g | 10g18% | 1630%0 | HACCP | 0mg0% | 1400 | () 2, | B | 00 | 5 | 080-023-5181 | www.nongshim.com | ·직사광션들 | 오·농신물 | 기쉬우니 포장 | 영양정보 | 개봉 후에는 즉 | 는 국번없이 139 | 나트 1.790mg 90% 탄수화물 79 g 24% 당류4g 4% | ·본사:서울특별시 | 지방 16g 30% 트랜스지방0g 포화지방 8g 53% | HACCP | 대방동) | 레스태를 0mg 0% 단백질 10 g18% 칼숨 143 mg 20% | 1일 영양성분 기준치에 대한 비율 (%)은 2,000 kcal 기준이으로 개연의 | 1400 | 고객상담 수신자요금부담 | 200 | 5 | 필요 열량에 따라 다를 수 었습니다. | 080-023-5181 | ngshim.com | · | ORY | 酷听 | 1 | 41,790 mg 90% 79g24%  4g 4% | ：人 | 16 g30%  0g  8g 53% | HACCP | 0 mg0% 10 g 18% 143 mg20% | ) | 1400 | 200 | 5 | 080-023-5181 | ngshim.com | 직사광션 | 오·농신물 | 기쉬우니 포장 | 영양정보 | 개봉 후에는 즉 | 000 | 는 국번업이 139 | 나트1790 mg 90% 탄수화물 79 g 243 당류4g 4% | ·본사서울특별 | 지방 16g 30% 특랜스지방0g 포화지방 8g 53% | HACCP | 대방동) | 레스태를 0mg 0% 단백질 10 g18% 갈숨 143mg 20% | 1일 영양성분 기준치에 대한 비을 (%)은 2,000 kcal 기준이으로 개연의 | 1400 | 고객상담 수신자요금부담 | 200 | 5 | 필요 열랑에 따라 다를 수 었습니다. | 080-023-5181 | ngshim.com | ·乱罩 | 酷听 | 000 | 13 | 1,790mg90% 79g24% 4g4% | 人 | 16 30%  0 g  8 g 53% | HACCP | CHS | 0 mg0%10 g 18%143 mg20% | 2 | 1400 | 200 | 5 | 080-023-5181 | ngshim.com | ·직사광션들 | 오·농신물 | 기쉬우니 포장 | 영양정보 | 개봉 후에는 즉 | 는 국번없이 139 | 나트 1.790mg 90% 탄수화물 79 g 24% 당류4g 4% | ·본사:서울특별시 | 지방 16g 30% 트랜스지방0g 포화지방 8g 53% | HACCP | 대방동) | 레스태를 0mg 0% 단백질 10 g18% 칼숨 143 mg 20% | 1일 영양성분 기준치에 대한 비율 (%)은 2,000 kcal 기준이으로 개연의 | 1400 | 고객상담 수신자요금부담 | 200 | 5 | 필요 열량에 따라 다를 수 었습니다. | 080-023-5181 | ngshim.com | · | ORY | 酷听 | 1 | 41,790 mg 90% 79g24%  4g 4% | ：人 | 16 g30%  0g  8g 53% | HACCP | 0 mg0% 10 g 18% 143 mg20% | ) | 1400 | 200 | 5 | 080-023-5181 | ngshim.com | 직사광션 | 오·농신물 | 기쉬우니 포장 | 영양정보 | 개봉 후에는 즉 | 000 | 는 국번업이 139 | 나트1790 mg 90% 탄수화물 79 g 243 당류4g 4% | ·본사서울특별 | 지방 16g 30% 특랜스지방0g 포화지방 8g 53% | HACCP | 대방동) | 레스태를 0mg 0% 단백질 10 g18% 갈숨 143mg 20% | 1일 영양성분 기준치에 대한 비을 (%)은 2,000 kcal 기준이으로 개연의 | 1400 | 고객상담 수신자요금부담 | 200 | 5 | 필요 열랑에 따라 다를 수 었습니다. | 080-023-5181 | ngshim.com | ·乱罩 | 酷听 | 000 | 13 | 1,790mg90% 79g24% 4g4% | 人 | 16 30%  0 g  8 g 53% | HACCP | CHS | 0 mg0%10 g 18%143 mg20% | 2 | 1400 | 200 | 5 | 080-023-5181 | ngshim.com | ·직사광션들 | 오·농신물 | 기쉬우니 포장 | 영양정보 | 개봉 후에는 즉 | 는 국번에이 139 | 나 1.790mg 90% 탄수화물 79 g 24% 당류4 g 4% | ·본사:서울특별시 | 지방 16g30% 트랜스지방09포화지방 8g 53% | HACCP | 대방동) | 레스테를 0mg 0% 단백질 10 g18% 칼숨 143 mg 20% | 1일 영양성분 기준치에 대한 비율(%)은 2,000 kcal 기준이므로 개연의 | 1400 | 고객상담 수신자요금부담 | 5 | 필요 열랑에 따라 다를 수 있습니다. | 200 | 080-023-5181 | ngshim.com | ·罩 | OFRY | 酷 | 1 | 41790mg90%79g24%4g4% | ：人 | 16 g30%  0 g  8g 53% | HACCP | CHS | 0 mg0%10g 18%143m20% | ( 2 | 1400 | 5 | 200 | 080-023-5181 | ngshim.com | 직사광션들 | 오·농신물 | 기쉬우니 포장 | 영양정보 | 개봉 후에는 즉 | 는 국번업이 139 | 나트 1790mg 90% 탄수화물 79 g 243 당류4.g 45 | ·본사서울특별 | 지방 16g 30% 트랜스지방0g포화지방 8g 53% | HACCP | 대방동) | 레스태를 0mg 0% 단백질 10 g18% 갈숨 143 mg 20% | 1일 영양성분 기준치에 대한 비을(%)은 2,000 kcal 기준이으로 개연의 | 1400 | 고객상담 수신자요금부담 | 200 | 5 | 필요 열량에 따라 다를 수 였습니다. | 080-023-5181 | ngshim.com | ·罩 | ORY | 酷叫 | 41,790mg90%79g24%4g4% | 人 | 16g30%  0g 8g 53% | HACCP | 0 mg0%10 g 18%143 mg20% | 2 | 1400 | 200 | 5 | 080-023-5181 | ngshim.com | ·직사광션들 | 오·농신물 | 기쉬우니 포장 | 영양정보 | 개봉 후에는 즉 | 는 국번에이 139 | 나 1.790mg 90% 탄수화물 79 g 24% 당류4 g 4% | ·본사:서울특별시 | 지방 16g30% 트랜스지방09포화지방 8g 53% | HACCP | 대방동) | 레스테를 0mg 0% 단백질 10 g18% 칼숨 143 mg 20% | 1일 영양성분 기준치에 대한 비율(%)은 2,000 kcal 기준이므로 개연의 | 1400 | 고객상담 수신자요금부담 | 5 | 필요 열랑에 따라 다를 수 있습니다. | 200 | 080-023-5181 | ngshim.com | ·罩 | OFRY | 酷 | 1 | 41790mg90%79g24%4g4% | ：人 | 16 g30%  0 g  8g 53% | HACCP | CHS | 0 mg0%10g 18%143m20% | ( 2 | 1400 | 5 | 200 | 080-023-5181 | ngshim.com | 직사광션들 | 오·농신물 | 기쉬우니 포장 | 영양정보 | 개봉 후에는 즉 | 는 국번업이 139 | 나트 1790mg 90% 탄수화물 79 g 243 당류4.g 45 | ·본사서울특별 | 지방 16g 30% 트랜스지방0g포화지방 8g 53% | HACCP | 대방동) | 레스태를 0mg 0% 단백질 10 g18% 갈숨 143 mg 20% | 1일 영양성분 기준치에 대한 비을(%)은 2,000 kcal 기준이으로 개연의 | 1400 | 고객상담 수신자요금부담 | 200 | 5 | 필요 열량에 따라 다를 수 였습니다. | 080-023-5181 | ngshim.com | ·罩 | ORY | 酷叫 | 41,790mg90%79g24%4g4% | 人 | 16g30%  0g 8g 53% | HACCP | 0 mg0%10 g 18%143 mg20% | 2 | 1400 | 200 | 5 | 080-023-5181 | ngshim.com | 복,홍합 포현 | 총 내용량 120g | 있습니다·속 | 500 kcal | L·직사광선들 | 십시오·농신물 | 받기 쉬우니 포장 | 영양정보 | 고 개봉 후에는 즉 | 고는 국번없이 139 | 나트 1.790mg 90% 탄수화물 79g 24% 당류4 g 4% | 곳·본사:서울특별 | 지방 16g30% 트랜스지방0g 포화지방 8g 53% | HACCP | (신대방동) | 레스태를 0mg 0% 단백질 10g 18% 칼슘 143 mg 20% | 이성분 기준치에 대한 비율(%)은 2,000 kcal 기준이으로 개면의 | 를 수 있습니다. | 스시자요금부담 | 号, | 120g | 500 kcal | ·罩 | ORY | 正酷吃 | 1 | 1790mg90%79g24% 4g4% | ·人人 | 16 g30% 0g  8g 53% | HACCP | ) | 0 mg0% 10g18%  143 mg20% | 444. | 북,통합 포험 | 총 내용량 120g | 있습니다·소 | 500 kcal | L·직사광산 | 십시오·농신물 | 정육양 | 한내성야 | [11그1I | 매레호읽크면 | BEl l이영는 극u | 17.877.99486.1 .19121 | 곳·본사:서울특별 | 지방 16g 30% 트랜스지방0g 포화지방 8g 53% | HACCP | (신대방동) | 를레스태를 0mg 0% 단백질 10 g18%[ | 이성분 기준치에 대한 비율(%)은 2,000 kcal 기준이으로 개연의 | 울 수 있습니다. | 스시자요금부담 | 号, | 120g | 500 kcal | ·乱罩 | 百oO | 妆 | v  13320% | 引喜 | 60 | Le9994% | ·人 | 1630%  0g 8g53% | HACCP | ) | 0mg0%10g18% | 44. | 복,홍합 포현 | 총 내용량 120g | 있습니다·속 | 500 kcal | L·직사광선들 | 십시오·농신물 | 받기 쉬우니 포장 | 영양정보 | 고 개봉 후에는 즉 | 고는 국번없이 139 | 나트 1.790mg 90% 탄수화물 79g 24% 당류4 g 4% | 곳·본사:서울특별 | 지방 16g30% 트랜스지방0g 포화지방 8g 53% | HACCP | (신대방동) | 레스태를 0mg 0% 단백질 10g 18% 칼슘 143 mg 20% | 이성분 기준치에 대한 비율(%)은 2,000 kcal 기준이으로 개면의 | 를 수 있습니다. | 스시자요금부담 | 号, | 120g | 500 kcal | ·罩 | ORY | 正酷吃 | 1 | 1790mg90%79g24% 4g4% | ·人人 | 16 g30% 0g  8g 53% | HACCP | ) | 0 mg0% 10g18%  143 mg20% | 444. | 북,통합 포험 | 총 내용량 120g | 있습니다·소 | 500 kcal | L·직사광산 | 십시오·농신물 | 정육양 | 한내성야 | [11그1I | 매레호읽크면 | BEl l이영는 극u | 17.877.99486.1 .19121 | 곳·본사:서울특별 | 지방 16g 30% 트랜스지방0g 포화지방 8g 53% | HACCP | (신대방동) | 를레스태를 0mg 0% 단백질 10 g18%[ | 이성분 기준치에 대한 비율(%)은 2,000 kcal 기준이으로 개연의 | 울 수 있습니다. | 스시자요금부담 | 号, | 120g | 500 kcal | ·乱罩 | 百oO | 妆 | v  13320% | 引喜 | 60 | Le9994% | ·人 | 1630%  0g 8g53% | HACCP | ) | 0mg0%10g18% | 44. | 복,중합 포험 | 총 내용량 120g | 있습니다·속 | 500 kcal | L·직사광션들 | 십시오·농산물 | 받기 쉬우니 포장 | 영양정보 | 고 개봉 후에는 즉 | 고는 국번없이 139 | 나트 1790mg 90% 탄수화물 79 g 2495 당류4g 4% | 곳·본사:서울특별시 | 지방 16g 30% 트랜스지방 0g 포화지방 8g 53% | HACCP | (신대방동) | 레스태를 0mg 0% 단백질 10g 18% 칼슘 143 mg 20% | 성분 기준치에 대한 비을 (%)은 2,000 kcal 기준어으로 개면의 | 가 수 있습니다. | ∆시자요금부담 | 号, | 120g | 0 | 500 kcal | ·罩 | D | 酷吃 | 1,790mg90% 79g24% 4g4% | ·人 | 16 g30%  0   8g 53% | HACCP | () | 0 mg0% 10g18%  143 mg20% | ()2, | 44 | 个 | 복,중합 포험 | 총내용량 120g | 있습니다·속 | 500 kcal | L·직사광산 | 십시오·농신물 | 받기 쉬우니 포장 | 영양정보 | 고 개봉 후에는 즉 | 고는 국번없이 139 | 나트 1790 mg 90% 탄수화물 79 g 243 당류4g 44% | 곳·본사서울특별 | 지방 16g 30% 트랜스지방09포화지방 8g 53% | HACCP | (신대방동) | 레스태를 0mg 0% 단백질 10 g18% 갈숨 143 mg 20% | 성분 기준치에 대한 비을(%)은 2,000 kcal 기준이므로 개면의 | 울수 있습니다. | 스시자요금부담 | 号, | 120g | 哈. | 500 kcal | 罩 | ORY | 酷吃 | 41790 mg90% 79g24% 4g4% | ·人 | 16g30% 0g8g 53% | HACCP | () | 0 mg0% 10 g18%  143 mg 20% | (2 | 44. | 복,중합 포험 | 총 내용량 120g | 있습니다·속 | 500 kcal | L·직사광션들 | 십시오·농산물 | 받기 쉬우니 포장 | 영양정보 | 고 개봉 후에는 즉 | 고는 국번없이 139 | 나트 1790mg 90% 탄수화물 79 g 2495 당류4g 4% | 곳·본사:서울특별시 | 지방 16g 30% 트랜스지방 0g 포화지방 8g 53% | HACCP | (신대방동) | 레스태를 0mg 0% 단백질 10g 18% 칼슘 143 mg 20% | 성분 기준치에 대한 비을 (%)은 2,000 kcal 기준어으로 개면의 | 가 수 있습니다. | ∆시자요금부담 | 号, | 120g | 0 | 500 kcal | ·罩 | D | 酷吃 | 1,790mg90% 79g24% 4g4% | ·人 | 16 g30%  0   8g 53% | HACCP | () | 0 mg0% 10g18%  143 mg20% | ()2, | 44 | 个 | 복,중합 포험 | 총내용량 120g | 있습니다·속 | 500 kcal | L·직사광산 | 십시오·농신물 | 받기 쉬우니 포장 | 영양정보 | 고 개봉 후에는 즉 | 고는 국번없이 139 | 나트 1790 mg 90% 탄수화물 79 g 243 당류4g 44% | 곳·본사서울특별 | 지방 16g 30% 트랜스지방09포화지방 8g 53% | HACCP | (신대방동) | 레스태를 0mg 0% 단백질 10 g18% 갈숨 143 mg 20% | 성분 기준치에 대한 비을(%)은 2,000 kcal 기준이므로 개면의 | 울수 있습니다. | 스시자요금부담 | 号, | 120g | 哈. | 500 kcal | 罩 | ORY | 酷吃 | 41790 mg90% 79g24% 4g4% | ·人 | 16g30% 0g8g 53% | HACCP | () | 0 mg0% 10 g18%  143 mg 20% | (2 | 44. | S | 8e..ssum | 1892-470-081 | A | 임은수장간 | 남내취영면이명 | Oood | [작말이티,.탈기구-지뱅리이이 | 2.1 60.너0. | Y66786.089정.06196. | 119.8717.994 719.1 .191 | 5 | n.com | 800-518 | 儿 | 吕尚号文吕 | b话量亿话8层 | HACCP | 1 | 百0品品 | l1 01 0 000 901 00 0 0% | ×1916930953% | 1e99% | wuwwluw | 9892-47.0-271 | 송부정수영연간 | B | SOoVN | [작렛 링이이티.기구-브지리이이장 | 워 | 4.  0--b | Y기간88정66 | 11917.777.994 7196.1 .1911.7 | ngsh.com | 080-3--5181 | 吕青号吕 | bh话文量2n话8层 | HACCP | 1 | 百0品品 | ql y  99     099g20% | ¥1916393000  116930953% | Leg09% | 60 | S | wem.lu.rm | 1892-4.1-180 | K | 한송부영설설영간 | 남행무정면에우명다 | DVH | 석이 l를r름 | 106969. | 106.9..0 | 작말이리티..-지리인이이 | [16. | 1간간강기영영정 | [1487.94 7961.911일 | ma | 5 | ww.com | 805181 | 1n | 吕吕 | bh话文行亿品话8层 | HACCP | 60 | 1916930% | 0%09918% | 1 | 百0品品 | 20 | E290953% | 1e979999797049 | S | wuwmIsuUrUmm | 1892-470-180 | 한송프정영증 | 남담내영에우다 | DooH | b제 l를vk름 | 린 이시티.리-지뱅리이이 | 81. .... | 기간06.089정61 6. | [11.717.9948 96.1.191일 | 5 | www.nh.icom | 8003-5181 | 吕吕 | bh话÷量2品话8层 | HACP | 60l | 1 | 百0品品 | 90%920% | ¥19139   1393% | 1e4994949 | 60 | S | wem.lu.rm | 1892-4.1-180 | K | 한송부영설설영간 | 남행무정면에우명다 | DVH | 석이 l를r름 | 106969. | 106.9..0 | 작말이리티..-지리인이이 | [16. | 1간간강기영영정 | [1487.94 7961.911일 | ma | 5 | ww.com | 805181 | 1n | 吕吕 | bh话文行亿品话8层 | HACCP | 60 | 1916930% | 0%09918% | 1 | 百0品品 | 20 | E290953% | 1e979999797049 | S | wuwmIsuUrUmm | 1892-470-180 | 한송프정영증 | 남담내영에우다 | DooH | b제 l를vk름 | 린 이시티.리-지뱅리이이 | 81. .... | 기간06.089정61 6. | [11.717.9948 96.1.191일 | 5 | www.nh.icom | 8003-5181 | 吕吕 | bh话÷量2品话8层 | HACP | 60l | 1 | 百0品品 | 90%920% | ¥19139   1393% | 1e4994949 | 상 | 2여산니트통 | 스프를 | 안제 | 스프휴/소고기 | 간상영분일 | 조리하세요 | 을 550m(3컵정도)를 끝인 후,연과 분말스프,후레이크를 | Un영조e | 조절하기 위하여 기호에 따라 적정량의 | 4분30초간 더 끝이면 얼큰한 소고가국를 맛의 신라면이 됩니다. | ,간장분말,조미 | 수재(h | bb지류격지 | 을이 | b물ahlova | U영작정림위영정정병정 | 그0 | 1R | 지고기,계란 | 16809 | a | POALIE | 人马 | 00 | 人卫 | ZHOUR | 圣42 | 550m(3),, | 片局（局漫h | 日石k片 | e | bshlo | 正品品 参品 10店 10品估 后片柜 百0品 量50是 hr 售 | 707 | 1 | 闪儿 | 14809 | -연NL트통 | 안제 | 스n휴/소고기 | 1간방8일 | 550m(3컵정도)를 급인 후,연과 분말스프,후레이크를 | 상영조이 | 4분30초간 더 골이면 얼큰한 소고기국를 맛의 신라면이 됩니다. | ,간장분말,조미 | ·나트름(식염)섭취를 조절하기 위하여 기호에 따라 적정랑의 스프를 참 | 리보뉴클레오티픽 | 하여 조리하십시오 초리 시 안전시고에 주의하세요 ·끌는 물에 스므를 | 박산이나트름,대 | 명을 시 들어오를 현상으로 화상의 위험이 있으니 연을 언저 넣고 조리하세요 | 지고기 계란 | 16809 | COMLIE | 10 | 人 | 2ROUR | 550(3),, | O1 | 闪儿 | 14809 | 상 | 2여산니트통 | 스프를 | 안제 | 스프휴/소고기 | 간상영분일 | 조리하세요 | 을 550m(3컵정도)를 끝인 후,연과 분말스프,후레이크를 | Un영조e | 조절하기 위하여 기호에 따라 적정량의 | 4분30초간 더 끝이면 얼큰한 소고가국를 맛의 신라면이 됩니다. | ,간장분말,조미 | 수재(h | bb지류격지 | 을이 | b물ahlova | U영작정림위영정정병정 | 그0 | 1R | 지고기,계란 | 16809 | a | POALIE | 人马 | 00 | 人卫 | ZHOUR | 圣42 | 550m(3),, | 片局（局漫h | 日石k片 | e | bshlo | 正品品 参品 10店 10品估 后片柜 百0品 量50是 hr 售 | 707 | 1 | 闪儿 | 14809 | -연NL트통 | 안제 | 스n휴/소고기 | 1간방8일 | 550m(3컵정도)를 급인 후,연과 분말스프,후레이크를 | 상영조이 | 4분30초간 더 골이면 얼큰한 소고기국를 맛의 신라면이 됩니다. | ,간장분말,조미 | ·나트름(식염)섭취를 조절하기 위하여 기호에 따라 적정랑의 스프를 참 | 리보뉴클레오티픽 | 하여 조리하십시오 초리 시 안전시고에 주의하세요 ·끌는 물에 스므를 | 박산이나트름,대 | 명을 시 들어오를 현상으로 화상의 위험이 있으니 연을 언저 넣고 조리하세요 | 지고기 계란 | 16809 | COMLIE | 10 | 人 | 2ROUR | 550(3),, | O1 | 闪儿 | 14809 | 상 | 국연산니트통 | C4 | 스프휴/소고기 | 조리하세요 | 간정장문일 | 550 m(3컵정도)를 급인 후,연과 분말스프,후레이크를 | 언저 넘고 | 장영문 조이소 | 4분30초간 더 끝이면 얼큰한 소고가국를 맛의 신라면이 됩니다. | ,간장분말,조미 | ·나트름(식염)섭취를 조절하기 위하여 기호에 따리 적장량의 스프를 | 리보뉴클레오티틱 | 하여 조리하십시오 조리 시 안전시고에 주의하세요 ·끝는 물에 스므를 | 박산이나트름,대 | 명을 시 끌어오통 현상으로 화상의 위험어 있으니 연을 | R | 대지고기,계란, | 16809 | a | COHLIE | 10 | 人 | 圣42 | THOOURS | 550ml(3),, | ( | | | 10 | 14809 | 안신니트통 | 연제 | 스n류/소고기 | 간정8일 | 550m(3컵정도)를 급인 후,연과 분말스프,후레이크를 | 언저 넘고 조리하세요 | 정조이소 | 4분30초간 더 끝이면 얼큰한 소고기국를 맛의 신라면이 됩니다. | ,간장분말,조미 | ·나트름(식염)섭취를 초절하기 위하여 기호에 따라 적장량의 스프를 창 | 리보뉴클레오티픽 | 하여 조리하십시오초리 시 안전시고에 주의하세요끌는 물에 스므를 | 박산이니트름,대 | 명을 시 플어오통 현상으로 화상의 위험어 있으니 연을 만 | 보고버섯,건당근 | 내지고기,계란 | 168091 | COHLIE | 10 | 人卫票/卫 | 2OOUR | 550m(3),, | 2 | ， | 闪飞 | 14809 | 나트륨,풍라업 | 상 | 오연산니트통 | 연제 | ·스프류/소고기 | 스프를 | 물에 | 조리하세요 | 간방영문일 | 1조이소 | 550m(3컵정도)를 끊인 후,연과 분말스프,후레이크를 같이 | K영문 | 4분30초간 더 끝이면 얼큰한 소고기국를 맛의 신라면이 됩니다. | ,간장분말,조미 | ·나트름(식염)섭취를 조절하기 위하여 기호에 따리 적장량의 스프를 | 리보뉴클레오티픽 | 하여 초리하십시오 초리 시 안전시고에 주의하세요 ·끝는 | 호박산이나트름,대 | 영을 시 끌어오통 현상으로 화상의 위험어 있으니 연을 먼저 넣고 | 1 건당근 | 표고버섯 | 가 계란 | 三喜，9 | a | COLLIE | A | 人 | 人三 | 至42 | 2OUR | 550m(3),,) | MGOOL | IC | 卫 | 71721 | 나트름,풍라언 | 상 | G인산니트HI | 연제 | An휴소고기 | 1조이소 | 550m(3컵정도)를 끝인 후,연과 분말스프,후레이크를 같이 | KB영HE | 4분30초간 더 끝이면 얼큰한 소고기국를 맛의 신라면이 됩니다. | 간장분말,조미 | ·나트름(식염)섭취를 조절하기 위하여 기호에 따리 적정량의 스프를 | 리보뉴클레오티트 | 하여 조리하십사오조리 시 안전시고에 주의하세요 팔는 물에 스므를 | 호박산이나트륨,대 | 경을 시 팔어오를 현상으로 화상의 위험어 있으니 연을 먼저 널고 조리하세요 | H고버섯,건당리 | 가 계란 | 喜，9 | a | COLLIE | 00 | 人卫/ | 550m(3),,|) | GOUL | . | 7172 | 트름,제이안 | 나트름,풍리요 | 정 | 로인산니트HI | ·스프류/소고기 | 조리하 | 간방장문일 | 550m(3컵정도)를 끝인 후,연과 분말스프,후레이크를 같이 벌교 | Un영be | 4분30초간 더 끝이면 얼큰한 소고기국를 맛의 신라면이 됩니다. | A,간장분말,조마 | ·나트름(식염)섭취를 조절하기 위하여 기호에 따리 적장량의 스프를 | -리보뉴클레오티픽 | 하여 조리하십시오 조리 시 안전시고에 주의하세요 끝는 물에 스트를 | 호박산이나트륨,대 | 쌓을 시 늘어오통 현상으로 화상의 위험어 있으니 연을 먼저 넣고 | 1 | 号， | 鲁，9 | a | CONE | p | 人达 | 圣 | 20OUR2 | 550m(3),, | ( | 2 | 1 | 트름,제이언 | 나트름, 풍라어 | G연NL트통 | 안제 | ·스n휴/소고기 | 550m(3컵정도)를 표인 후,연과 분말스프,후레이크를 같이 별고 | 영조이 | 4분30초간 더 끌이면 얼큰한 소고기국을 맛의 신라면이 됩니다 | 수간장분말,조마 | ·나트름(식염)섭취를 초절하기 위하여 기호에 따라 적정량의 스프를 | -리보뉴클레오티픽 | 하여 조리하십사오초리 시 안전시고에 주의하세요 팔는 물에 스므를 | 호박산이나트름,대 | 명음 시 팔어오를 현상으로 화상의 위험어 있으니 연을 먼저 널고 조리하세요. | 건당리 | , | 三8，9 | COLLIE8 | 10 | 人 | 550m(),, | 2 | 2 | 트름,제이안 | 나트름,풍라입 | 창 | GUNL트H | 안제 | ·스프웨/소고기 | 간장장문일 | 조리하세요 | 550m(3컵정도)를 끝인 후,면과 분말스프,후레이크를 같이 벌고 | Un영조 | 4분30초간 더 끝이면 얼큰한 소고기국를 맛의 신라면이 됩니다. | A,간장분말,조마 | ·나트름(식염)섭취를 조절하기 위하여 기호에 따리 적장량의 스프를 | -리보뉴클레오티픽 | 하여 조리하십시오 초리 시 안전시고에 주의하세요 ·끝는 물에 스므를 | 호박산이나트름,대 | 영음 시 늘어오통 현상으로 화상의 위험어 있으니 연을 언저 넣고 | 1 | 号， | 8.0 | a | CONLE界 | 40 | 人卫/ | 2OUR | 至42 | 550m(3),, | 1 | 트름,제이언 | 나트움, 풍라와 | 상제 | UNLN | P제 | An육소고기 | RRRRB | Ss설겨스레박면.간 | FIOTRSB | 간대리매연면리장면영간겨 | 정 | Y면입범면(식 | -리보뉴클레오티트 | 하여 조리하십사오 초리 시 안전시고에 주의하세요 끌는 물에 스므를 | 호박산이나트름,대 | 경음 시 팔어오를 현상으로 화상의 위험어 있으니 연을 먼저 넣고 조리하세요. | 가버섯 | 号, | 8.0 | a | CONLE | 10 | 吴卫空/ | 7208028 | 是暑Elo章君者亿品'支记县曼(3&尼EOSS | FlDz 208 | 亚 | 后及层   ot I是王 量导 (局)量 | |. | THA | 트름,제이안 | 나트름,풍라입 | 창 | GUNL트H | 안제 | ·스프웨/소고기 | 간장장문일 | 조리하세요 | 550m(3컵정도)를 끝인 후,면과 분말스프,후레이크를 같이 벌고 | Un영조 | 4분30초간 더 끝이면 얼큰한 소고기국를 맛의 신라면이 됩니다. | A,간장분말,조마 | ·나트름(식염)섭취를 조절하기 위하여 기호에 따리 적장량의 스프를 | -리보뉴클레오티픽 | 하여 조리하십시오 초리 시 안전시고에 주의하세요 ·끝는 물에 스므를 | 호박산이나트름,대 | 영음 시 늘어오통 현상으로 화상의 위험어 있으니 연을 언저 넣고 | 1 | 号， | 8.0 | a | CONLE界 | 40 | 人卫/ | 2OUR | 至42 | 550m(3),, | 1 | 트름,제이언 | 나트움, 풍라와 | 상제 | UNLN | P제 | An육소고기 | RRRRB | Ss설겨스레박면.간 | FIOTRSB | 간대리매연면리장면영간겨 | 정 | Y면입범면(식 | -리보뉴클레오티트 | 하여 조리하십사오 초리 시 안전시고에 주의하세요 끌는 물에 스므를 | 호박산이나트름,대 | 경음 시 팔어오를 현상으로 화상의 위험어 있으니 연을 먼저 넣고 조리하세요. | 가버섯 | 号, | 8.0 | a | CONLE | 10 | 吴卫空/ | 7208028 | 是暑Elo章君者亿品'支记县曼(3&尼EOSS | FlDz 208 | 亚 | 后及层   ot I是王 量导 (局)量 | |. | THA | 가산 번어 | Noodles | 라면 | 수술물,면 | 조리법 | E통,제이인 | 나트용,풍리요 | g인산니트H! | ·스n류/소고기 | S 간강g일 | 550 m(3컵정도)를 끝인 후,면과 분말스프,후레이크를 갈이 넷고 | Kn영조이소 | 4분30초간 더 끌이면 얼큰한 소고기국를 맛의 신라연이 됩니다. | A,간장분말,조이 | 뉴클레오티믹 | ·나트름(식염)섭추를 조절하기 위하여 기호에 따라 적장량의 스프를 성 | 조리하십사오 조리 시 안전시고에 주의하세요 ·끝는 물에 스므를업세 | 시오 현상이 시화상의 위험이 있으니 연을 언저 넘고 조리하세요 | Lo | Noodles | ,04 | 三层，0 | 三8，20 | CONLIE | 人 | 2O, | 550m(3),, | ( | 나산 안송 | Noodles | 라면 | 수출물,연류 | 조리법 | E통,제이엔 | 나트울,풍리9 | G인산L트통) | ·스n휴/소고기 | S 간정8일 | 550 m(3컵정도)를 끝인 후,연과 분말스프,후레이크를 갈이 넷고 | n영영조 | 매명-연리개연리면예면 | 면 . | bb | u면방압지범언면(위식 | Uua명l | 장영을정김 | 心Lo | Noodles | ，4 | 层，010 | 三喜，9 | CONLIE | 人达 | g2oo02, | 550m(3),, | 2 | 亚2 | bORE | 导 暑 后及层左 2   I是王 量片导 (局)量 | 可hi亚 品品品h0% lot o柜 20 | 가산 번어 | Noodles | 라면 | 수술물,면 | 조리법 | E통,제이인 | 나트용,풍리요 | g인산니트H! | ·스n류/소고기 | S 간강g일 | 550 m(3컵정도)를 끝인 후,면과 분말스프,후레이크를 갈이 넷고 | Kn영조이소 | 4분30초간 더 끌이면 얼큰한 소고기국를 맛의 신라연이 됩니다. | A,간장분말,조이 | 뉴클레오티믹 | ·나트름(식염)섭추를 조절하기 위하여 기호에 따라 적장량의 스프를 성 | 조리하십사오 조리 시 안전시고에 주의하세요 ·끝는 물에 스므를업세 | 시오 현상이 시화상의 위험이 있으니 연을 언저 넘고 조리하세요 | Lo | Noodles | ,04 | 三层，0 | 三8，20 | CONLIE | 人 | 2O, | 550m(3),, | ( | 나산 안송 | Noodles | 라면 | 수출물,연류 | 조리법 | E통,제이엔 | 나트울,풍리9 | G인산L트통) | ·스n휴/소고기 | S 간정8일 | 550 m(3컵정도)를 끝인 후,연과 분말스프,후레이크를 갈이 넷고 | n영영조 | 매명-연리개연리면예면 | 면 . | bb | u면방압지범언면(위식 | Uua명l | 장영을정김 | 心Lo | Noodles | ，4 | 层，010 | 三喜，9 | CONLIE | 人达 | g2oo02, | 550m(3),, | 2 | 亚2 | bORE | 导 暑 后及层左 2   I是王 量片导 (局)量 | 可hi亚 品品品h0% lot o柜 20 | 가산 번이 | 라면 | Noodles | 수출8,만내 | 조리법 | 트통,제이인 | 나트용,풍리언 | G인산니트통) | ·스프류/소고기 | S간방8일 | 를 550m(3컵정도)를 끌인 후,면과 분말스프,후레이크를 같이 넷고 | KE조이 | 4분30초간 더 끝이면 열큰한 소고기국를 맛의 신라면이 됩니다. | ,간장분말,조미 | 뉴클레오티트 | ·나트통(식염)섭취를 조절하기 위하여 기호에 따라 적장량의 스프를 창 | 리하십시오 조리 시 안전시고에 주의하세요·끝는 물에 스므를안제 | 를현상으로 화상의 위험어 있으니 연을 먼저 넘고 조리하세요 | LO | Noodles | 2,04 | 09 | 三营，20 | CONLIE | 人达 | 920O022, | 550m(3),, | 114 | ( | 산 번어 | Noodles | 라면 | 수출8,면 | 조리법 | g,제이인 | 나트름, 풍라요 | G의산L트통) | ·스B휴/소고기 | S간강8E일 | 물 550m(3컵정도)를 급인 후,연과 분말스프,후레이크를 같이 넷고 | K조이 | 한간대털연면리장면면간 | . | bbk름 | u면방압범면(위내 | a | 장정영정정을 | 心LO | Noodles | .04 | 8019 | 喜，0 | COULIE | 人 | 2OUR2, | 550m(3),, | 1 | 1  及 | 加亚2 | BORE | k导  后及&  c o I是王 量片命 (局)量 | o  x | 可lo 员品 品ho% lot o柜 2 | 가산 번이 | 라면 | Noodles | 수출8,만내 | 조리법 | 트통,제이인 | 나트용,풍리언 | G인산니트통) | ·스프류/소고기 | S간방8일 | 를 550m(3컵정도)를 끌인 후,면과 분말스프,후레이크를 같이 넷고 | KE조이 | 4분30초간 더 끝이면 열큰한 소고기국를 맛의 신라면이 됩니다. | ,간장분말,조미 | 뉴클레오티트 | ·나트통(식염)섭취를 조절하기 위하여 기호에 따라 적장량의 스프를 창 | 리하십시오 조리 시 안전시고에 주의하세요·끝는 물에 스므를안제 | 를현상으로 화상의 위험어 있으니 연을 먼저 넘고 조리하세요 | LO | Noodles | 2,04 | 09 | 三营，20 | CONLIE | 人达 | 920O022, | 550m(3),, | 114 | ( | 산 번어 | Noodles | 라면 | 수출8,면 | 조리법 | g,제이인 | 나트름, 풍라요 | G의산L트통) | ·스B휴/소고기 | S간강8E일 | 물 550m(3컵정도)를 급인 후,연과 분말스프,후레이크를 같이 넷고 | K조이 | 한간대털연면리장면면간 | . | bbk름 | u면방압범면(위내 | a | 장정영정정을 | 心LO | Noodles | .04 | 8019 | 喜，0 | COULIE | 人 | 2OUR2, | 550m(3),, | 1 | 1  及 | 加亚2 | BORE | k导  后及&  c o I是王 量片命 (局)量 | o  x | 可lo 员品 品ho% lot o柜 2 | B은 | Uu4 | DOVH | 작 이인리테.,.-리입이이리 | 한간2. .|..테.B | 지방 16g 30% 트랜스지방 0g 포화지방 8g.53% | 나트 1.790mg 90% 탄수화물 79 g 24% 당류4 g 4% | 500 kcal | 총 내용량 120g | 吕AY | b码文 | HACP | 百食品品 | 191199 100% | 16g30% 0g  8g53% | 41,790mg90% 79g24% 4g4% | 500 kcal | 120g | B은sY | n | SDOVH | 작면 이시리티.방연.-뱅입이리 | 한11.1 80테B | 지방 16g 30%트랜스지방 09 포화지방 8g 53% | 나트 1790 mg 90% 탄수화물 79 g 24 당류4 g 4% | 500 kcal | 총 내용량 1209 | 吕AY | 文 | HACCP | 百食品品 | 9l999  39 920% | 16g30% 0g8g53% | 41,790 mg 90% 79g24% 4g4% | 500 kcal | 120g",신라면|오레오,신라면,0.7954,view1,paddleocr_boost,,OCR_MULTIPLE,,REINSERT
IMG_5174.jpg,마이구미,,1,,,"업소명원 | 식품유형 | 제품명 | 소비기 | 소재지 | B | 1 | 보고번197604870 | or | FT | O | 관을 사과농축과, | 09 | HXO | 복중아,돼지고기 함유 | 00 | 2 | 마이구미백장항 | 2r3 | H승악과습 그대로 | 22-4002·반품처:본사및구 | r | 주의하세요·부정·불량식 | I보관,개봉 후 가급적 | N0 | Fo | 02 | 원 | 축액,목숭아퓨레러 | 5 | ou | F | , 기타식용유지가공출 | u | TTY | A | 기일까지 | = | 2 | 총 내용량당 기준치에 대한 비 | 영양정보 | 지방 | 폴레스테를 Omg | 트지성 | 이으로 개의 들은 당이 타라 를 수 입습니다 | 월  에 대E  200 | 단백질5g | 포화지방OB | 당어리나 경은 이 보일 수 있으나 인해 무해렵니. | 제조가서 | 에 보해주시고 기 전면 적사용을 | ·을 나야에 수분이 들그 루드러된 그에 배입니다 필 | 27.01.26.12 | 26.01.27/18:02 | 총내용량668 | o | 메리의 | 오치과일 | 204 kcal | “냄니다. | 1영양성분 | F | 全 | 全 | 2 | 1o | 号197604870 | 上 | o | 西 | 5号 | ，， | 00 | ro | 40KH | ， | 010 | 全 | 20& | 全民后安 | 22-4002·： | ro | 咖 | Ho | 2 | ， | ro | OHLI | 10 | 天 | HUJ | 2 | G | 11 | 2 | 晋人鲁0mg | 记一 | 17() 2000 kal | 5g | 08 | 您 | 叫啡 至老平人卫 斜留  引鲁 鸡蝶平 | 年2 | 27.01.26.12 | 26.01.27/18:02 | 66g | 2121 | 204 kcal | yuck | 45 | 1 | 오직과일 | 2 | 야채습 | 표로만 | 열리의백를 | 냄니다 | 숨아과줍그대도 | 이구미백도장양도 | H디류 | 석관 | 호리온 제2익 | 전북득놀자치로 | 총내용량668 | 서등로 23 11 | 204 kcal | 영양정보 | 후면표기일까지 | 1일 영양성분 | 불옛,백설탕,젠라틴 | 기준치에 대한 비를 | 총 내용량당 | 1% | 과즙, 사과농축과즙, | 143 | 농축액,복중아퓨레,레 | 나트를 10mg | 43 | 를,백틴,콜라견,산도조절 | 탄수화불 | 0 | 화레몬추출물, 블랙캐롯 | 당류/3 | 양료 6종, 요구르트 믹스 | 지방3 | 추정, 기타식용유지가공품 | 프렌스자장 | C | 복중아,돼지고기 함유 | 포화지방0g | 9 | 재질 플리에틸렌 | 볼레스태틀 Omg | 보고번호19760487031 | 단백질5g | 비자 기본법에 의한 피내보 | 1월 명발성본 가준에 대한 바(사은 200 k 개 | 사광선을 피해 온·습도가낮 | 이므로 개한의 들요 열랑여 타라 다를 수 입습니다 | 에 보관,개봉 후 가급적 탈리 | ·자를 나여 수분의 들고 루드러웠 고원에 먹음니다 | 요.·제품을 쉽지 않고 삼키지 | 미하에 보천주시고 학결기 전면 적사용선을 피해주세요 | 록 주의하세요·부정·불량식 | ·폐조과경 중 편료가 국거나 고은에서 활변화아 | 신고:국번없이 1399·고객센터 | 당어리나 김은 필여 보일 수 있으나 인웨 무롭니다. | 전화)080-023-5700(문자) | 부터 | 22-4002·반품처:본사 및 구 | 26.01.27/18:02 | 한곳 | 까지 | 소비 | L | 27.01.26.12 | 기한 | OTMA | 4,2104 | 20 | a | 大 | m0 | uc | 070& | CH | 慧 | 66g | 2311 | 204 kcal | 1% | ，， | 14% | ， | 4∈10mg | 43 | ，， | 今 | 0 | ，暑灵 | 13 | 6， | ， | 三跑二 | C | ， | 08 | 9 | 喜引人印暑0mg | 早卫19760487051 | 5g | 1702000 | ， | , | 年 | .· | 至等不人 制|  鸡平 | · | ：01399 | )080-023-5700() | 年 | 22-4002·： | 26.01.27/18:02 | 树 | 企 | 仁 | 27.01.26.12 | 7 | OTH | 42104 | 오직과일 | 2 | 야채습 | 표로만 | 열리의백를 | 냄니다 | 숨아과줍그대도 | 이구미백도장양도 | H디류 | 석관 | 호리온 제2익 | 전북득놀자치로 | 총내용량668 | 서등로 23 11 | 204 kcal | 영양정보 | 후면표기일까지 | 1일 영양성분 | 불옛,백설탕,젠라틴 | 기준치에 대한 비를 | 총 내용량당 | 1% | 과즙, 사과농축과즙, | 143 | 농축액,복중아퓨레,레 | 나트를 10mg | 43 | 를,백틴,콜라견,산도조절 | 탄수화불 | 0 | 화레몬추출물, 블랙캐롯 | 당류/3 | 양료 6종, 요구르트 믹스 | 지방3 | 추정, 기타식용유지가공품 | 프렌스자장 | C | 복중아,돼지고기 함유 | 포화지방0g | 9 | 재질 플리에틸렌 | 볼레스태틀 Omg | 보고번호19760487031 | 단백질5g | 비자 기본법에 의한 피내보 | 1월 명발성본 가준에 대한 바(사은 200 k 개 | 사광선을 피해 온·습도가낮 | 이므로 개한의 들요 열랑여 타라 다를 수 입습니다 | 에 보관,개봉 후 가급적 탈리 | ·자를 나여 수분의 들고 루드러웠 고원에 먹음니다 | 요.·제품을 쉽지 않고 삼키지 | 미하에 보천주시고 학결기 전면 적사용선을 피해주세요 | 록 주의하세요·부정·불량식 | ·폐조과경 중 편료가 국거나 고은에서 활변화아 | 신고:국번없이 1399·고객센터 | 당어리나 김은 필여 보일 수 있으나 인웨 무롭니다. | 전화)080-023-5700(문자) | 부터 | 22-4002·반품처:본사 및 구 | 26.01.27/18:02 | 한곳 | 까지 | 소비 | L | 27.01.26.12 | 기한 | OTMA | 4,2104 | 20 | a | 大 | m0 | uc | 070& | CH | 慧 | 66g | 2311 | 204 kcal | 1% | ，， | 14% | ， | 4∈10mg | 43 | ，， | 今 | 0 | ，暑灵 | 13 | 6， | ， | 三跑二 | C | ， | 08 | 9 | 喜引人印暑0mg | 早卫19760487051 | 5g | 1702000 | ， | , | 年 | .· | 至等不人 制|  鸡平 | · | ：01399 | )080-023-5700() | 年 | 22-4002·： | 26.01.27/18:02 | 树 | 企 | 仁 | 27.01.26.12 | 7 | OTH | 42104 | 22-4002·반품처:본사 및 구 | 전화)080-023-5700(문자) | 신고:국번없이 1399·고객센터 | 록 주의하세요·부정·불량식 | 요·제품을 씽지 않고 삼키지 | 에 보관,개봉 후 가급적 탈리 | 이이 | 위연 | 제류매라레무류 | 08709161 | 공1이 | 면영성 | 양료 6종, 요구르트 믹스, | 화레몬추출물, 블랙캐롯 | ,백틴,콜라견,산도조절 | 농축액,복숭아퓨레,레 | P | 1 | OTH | 나트를 10 mg | 총 내용량당 | 탄수화불 3 | 지방 | 당류/3 | 단백질5g | 홀레스태를 Omg | 1월 명일성본 가a대 대한 백사은 2d | 트렌스지랑 | 이므로 개한의 들요 알람에 타라 다를 수 입 | 포화지방이8 | n | 아하에 보관씨주시고 학결기 전면 직시 | ·자를 나에 수분의 말고 루드러웨 고 | 당아리나 검은 필여 보일 수 있으나 | ·제조과정 중 편료가 국거나 고은액 | 26.01.27 /18 | 27.01.26.1 | B | F | + | 22-4002·： | 型)080-023-5700() | ：01399 | · | .· | U尔号关 | 百匹后0 | R高102号层 | 夏9104870 | 骨 | 全名号号 | 6，， | ，暑灵 | ，， | ， | 黄州 | TS | 花 | OTH | 410mg | 个 | 3 | 5g | 晋人印暑0mg | 1020 | 三起二炮 | ar | 机 | 裕 | 442年 | 26.01.27/18 | 27.01.26.1 | 4 | 11 | 1 | 하레몬추승물,블랙키롯 | 백팀,콜라견,산도조적 | 과습, 사과농축과습 | 농축액,복숭아퓨레,리 | 후면표기일까지 | OL | K | n | 구미백도장황도 | ju | 23111 | m6rlo | 1제 | n2 | E | 믹스 | 적육양 | ol | 8세 0h | 399 | 워 | 1일 | 멜리의백를 | 204 kcal | 냄니다 | 08 | 경양성분 | a | E | ，灵 | ，， | ，， | ，， | H | OHLI | 10 | 2 | 25& | Hu | 血 | 232111 | rlo | 刘 | T | E | 回 | 百品品品 | eboh号 | 置原立 | e10mg | 899员号1号 | 18 | 2 | 204 kcal | 4u4 | 00 | 4 | 11 | 7.01.26.12 | 5.01.27/18:02 | 검은 필여 보일 수 있으나 인해게 무제롭. | 등 인가 거나 고은에서 길관 어 | 세주시고 학결기 전면 직사용션을 패주 | 수분이 들그 부드려웠 고원에 먹음니다 | R 열랑이 타라 대를 수 입습니다 | M대e 00ue 2000 kc | Omg | o | F | F | 0 | ° | 7.01.26.12 | 5.01.27/18:02 | + | 世不人口 斜智 丝 鸡崎平 | 0200k | 0mg | 00 | 1.3 | 1 | 1 | 0 | C | 盖 | 치에 대한 바 | 1일 | 내용량668 | 열리의백를 | 야채줍 | 온직과일 | 204 kcal | 냄니다 | 09 | F | E | 10 | 66 | H吾 | 2420 | 204 kcal | 4Ic | 00 | 1 | 43 | 온 | HⅡ | r | o | H | 定 | 온 | HI | rr | o | H | 定 | 온 | HⅡ | r | o | H | 定 | 온 | HI | rr | o | H | 定 | 22-4002·반품처:본사및 구 | 전화)080-023-5700(문자) | S | P | 1\ | 22-4002·： | 型)080-023-5700() | 和 | 草 | 5 | 经 | P | t | 州 | JU | 经 | 22-4002·반품처:본사및 구 | 전화)080-023-5700(문자) | S | P | 1\ | 22-4002·： | 型)080-023-5700() | 和 | 草 | 5 | 经 | P | t | 州 | JU | 经 | π | 4 | IR | 改 | 8 | oe | 4 | L | 도가 | FO | X | R | Ffo | 区 | H | 空 | HO | 大 | 전화)080-023-5700(문자) | 고 | 2·부 | O5 | - | 型)080-023-5700() | F | ·号 | 00 | I | 전화)080-023-5700(문자) | S | ·부 | 0 | - | )080-023-5700() | 古 | ·号 | O2 | 0 | 전화)080-023-5700(문자) | 고 | 2·부 | O5 | - | 型)080-023-5700() | F | ·号 | 00 | I | 전화)080-023-5700(문자) | S | ·부 | 0 | - | )080-023-5700() | 古 | ·号 | O2 | 0 | 적육양없 | 8W 01h | G | 194 | 80 | 경양성불 | F | √ | - | 百品品品 | eboh号 | e110mg | o | 1001 | 80 | 11 | 39 | 1 | S | 영양정보 | 나트를 10 mg | 총 내용량당 | 기준치에 대한 비를 | 0요 | 양성분 | H | 3 | 410mg | 00 | 1 | 적육양없 | 8W 01h | G | 194 | 80 | 경양성불 | F | √ | - | 百品品品 | eboh号 | e110mg | o | 1001 | 80 | 11 | 39 | 1 | S | 영양정보 | 나트를 10 mg | 총 내용량당 | 기준치에 대한 비를 | 0요 | 양성분 | H | 3 | 410mg | 00 | 1 | 8n | 온 | ¥ | HI | oE | r? | P | π | 본사 | 직 | 2 | *0 | -U | n | O | h | H | of | r2 | 限 | 可 | 号号 | 4 | 2 | O | H | 七 | J | FO | 온 | HIOE | 부 | r2 | DHA | R | O | O0E | π | 8 | 부 | AO | M | k므 | -U | JU | f | O | 0 | 实 | > | 0 | N | DDE | 可 | 80 | H | HO | re | 福 | 七 | 온 | Ir | 'o | 제요부정·불랑식 | 1o | ro | 2 | S | H | 百 | 0 | · | OT | ro | 已 | 2 | U림민레 | 0/8709161 | JK | K | 号 | 百后0 | 京高102号1 | 最2916604870 | JK | K | 0/870916 | EYA | 먼 | F | xC | A | 10 | 悦房02号限 | 最29604870 | IEY | 理 | 57 | x片 | K | U림민레 | 0/8709161 | JK | K | 号 | 百后0 | 京高102号1 | 最2916604870 | JK | K | 0/870916 | EYA | 먼 | F | xC | A | 10 | 悦房02号限 | 最29604870 | IEY | 理 | 57 | x片 | K | 9 | 홀레스테를 O MS | 단백질5g | 1월 명발성본 가준에 대한 백(사은 200 k 개 | 이므로 개한의 들요 열랑에 타라 다를 수 입습니요. | D | 9 | 喜人暑0mg | 5g | 1200 | 9월 | 홀레스테를OMS | 단백질58 | 1월 명발성본 가a 대 대합 백(사은 200 k 개 | 이므 개한의 들요 알랑에 타라 대를 수 입습니Q. | 99 | 晋人印鲁0mg | 5g | 102000 | 9 | 홀레스테를 O MS | 단백질5g | 1월 명발성본 가준에 대한 백(사은 200 k 개 | 이므로 개한의 들요 열랑에 타라 다를 수 입습니요. | D | 9 | 喜人暑0mg | 5g | 1200 | 9월 | 홀레스테를OMS | 단백질58 | 1월 명발성본 가a 대 대합 백(사은 200 k 개 | 이므 개한의 들요 알랑에 타라 대를 수 입습니Q. | 99 | 晋人印鲁0mg | 5g | 102000 | 화레몬추승물,블랙캐롯 | OK | Hu | 백틴,콜라견, | 기타식용 | 6요 | L | 유지가공품 | 그르트 믹스 | ，灵 | OH | tru | ，， | 78 | 6， | 亡 | OK | 02 | H | 베틴, 콜라견, | R | 6 | FO | X | 1 | [고기] | oo | 유지가공 | 함유 | 믹스 | Dia | jOP | OH | OR | tru | 叫，， | 人 | H | 6， | tO | 1 | E | 27] | OKo | im | 可 | 0 | 화레몬추승물,블랙캐롯 | OK | Hu | 백틴,콜라견, | 기타식용 | 6요 | L | 유지가공품 | 그르트 믹스 | ，灵 | OH | tru | ，， | 78 | 6， | 亡 | OK | 02 | H | 베틴, 콜라견, | R | 6 | FO | X | 1 | [고기] | oo | 유지가공 | 함유 | 믹스 | Dia | jOP | OH | OR | tru | 叫，， | 人 | H | 6， | tO | 1 | E | 27] | OKo | im | 可 | 0 | H | 2트 믹스 | 수 | HX | 上 | t2 | 1O | OK | R | O | J | H | 퓨레. | 노 | 지가 | π | 믹스 | Rr | HO | H | 12 | 1OP | OH | 22 | tO | E | HX | 上 | T17H | 可 | 可 | 画 | 2 | H | 0 | O | 트 믹스 | L | 년. | om | 三人 | 2 | 5. | 2 | H0 | '추출 | o0 | H | RL2 | 7 | 1 | e | 년. | ^ | 2 | HO | 本香 | ow | HO | 肥 | F | 2 | 可 | 5. | 人 | -자승나어 수분의 발고 | 예해에 보관주시고 하결기 전면 직사용선을 | 폐조과경 중 편료가 국거나 고은에서 감변화되아 | 당아리나 검은 필여 보설 수 있으나 인해의 무제롭니다. | 부터 | 人口 | 年 | ·기4내번수본시 | 해에 보관세주시고 하법기 전원 직사용선을 | ·폐조과경 중 현료가 굴거나 고은에서 감변확원아 명 | 당어리나 검은 결여 보일 수 있으나 인션 무제습니. | 부터 | 4 | 0 口 7 | 年 | 이면한의 확이면당 | ·자을 나의 수분이 들그 부드려웠 고에 백니다 들 | 아해에 보관세주시고 학결기 전면 적사용션을 파주를 | 제조과성 중 현가 국거나 고은에서 감번화원와 이 | S 책이 보일 수 있으나 게 무해 | 0叫 至不人口 斜留7  引性量 鸡崎平位 | U확이 | ·제 내션 수본이 들고 부드려됨 고에 먹입니다 를 | 해에 보백추씨고 기 전면 객사용을 대주를 | 제조과경 중 인가 국거나 고은에서 갈번화원에 번 | 원의 보을 수 없으나 민 무해름 | 啡 至不以口 留7  引性量 鸡崎平位 | ·자를 나하의 수분의 들고 루드려웠 고에 먹 | 예하에 보관주시고 학결기 전면 적사용선을 피택주L | 폐조과 중 인가 국거나 고은에서 활변화아 번 | 당어리나 겹은 철여 보일 수 있으나 민내해 부름. | 442年 | 至不人 留 性 鸡崎平位 | ·제를 내에 수분의 들그 루드려웨 고에 먹는 | 해에 보관백주씨고 백기 전면 객사용신을 대택L | ·폐조과정 중 편료가 국거나 고은에서 결변화원아 번 | 당어리나 검은 철여 보일 수 있으나 인내웨 무체한. | 叫 至不人口   引性 鸡崎平位 | 1월l 명b가a에 대한다 | 이므로 개한의 들요 열람에 타라 다를 수 입습니 | ·자을 나에 수본의 들고 루드려웠 고원에 먹음니다 를 | 아해에 보관세주시고 하결기 전면 적사용신을 피주L | 경수 한가 거나 고에서 감번 어 | 197 | 4年 | 啡至老不人口 特留|否 引性 鸡崎平位 | 1입명성본가a에 대한 | 이므로 개한의 들요 열람에 타라 다를 수 입습 | ·제를 내에 수본의 들그 루드려웠 고에 백입니다 | 해에 보관백주씨고 빠기 전원 적사용선을 대주를 | 주인가 국거나 고에서 감번 보 | 197 | 至口    崎平位 | 04 | OK | H | n | 5 | Jo | O | 본추출 | J | FO | o | L | OO | F0 | InU | r | T | 우지가 | im | 먹스 | 인 | 머i | oe | jOP | OH | 2 | 医 | H | 6 | 季 | o | 活 | 正 | 1O | 00 | 七 | oto | OF | Iu | 2 | E | im | 可 | 吧 | 0 | 04 | K | OK | H | R | 5 | H | o | 11 | [1 | M백 | J | FO | ru | o | olo | ↓ | InU | C | 0 | ol | zE | Im | 랙캐 | in | 1 | FX | o | y | H | Jnx | 머p | o8 | JOP | OH上 | 2 | 国 | 9 | 71 | rl | H | 活 | 正 | 1O | 2 | 00 | Oto | E | Iru | C | 证 | 鸭 | 正 | im | 造 | 5 | l | K | 吧 | 今 | H | 2 | 00",마이구미,마이구미,0.6437,view1,paddleocr_boost,,CONFIRMED,마이구미,CONFIRMED
IMG_5175.jpg,새우깡,,1,8801043035989,새우깡,"의대로12(신대방동) | ·본사:서울택별시 동작구 | maQ | 농심물바로가기 | 농 | (세 ±금구이가 일 방입) | 달으로 구워 니다. | 새우팽만의 맞상무나를 넘어 | 읽다에서 잡은생새우가 쏙 | 재우깡 이렇게 만들어요!"" | 심 | 새우강 | ※농심의 독자적인 설비와 공법으로 만들어, | 가정에서 동일히게 만들 기는 어렵습니다. | 080-023-5181 | 고객상담 수신자요금부담 | 2 | WIIEAT | wmwoWfysiuouwmmm | 개인의 필요 열량에 따라 다를 수 었습니다. | 이이스기이이이이장 | %Z16S8%169 | 6 | 509 | HACCP | 시R연P | ·신선도 유지를 위해 질소충전포장을 하였습니다. | ·반품:본사 및 구입한 곳. | ·부정-불량식품 신고는 국번없이 1399 | ·소비자기본법에 의거 교한,한불해드립니다. | 으로 검게 보이는 것으로 안심하고 드셔도 됩니다. | ·간혹 과자에 있는 검은 물질은 새우의 껍질 등이 부분적 | 개봉후바로드십시오 | ·직사광선을 피하고 서늘하고 건조한 곳에 보관하십시오. | 시설에서 제조하고 있습니다. | 계란, 조개류(굴, 전복,홍합 포항)를 사용한 제품과 같은 | ·쇠고기,돼지고기,토마토,게,닭고기,오징어,잣,땅콩, | 품목보고번호19760342001-184(안양) | 소비기한 후면표기일까지 포장재질폴리프로필렌 | 원재료명 | 제품명 | 안양2A14배미성 1300 | 2026.09.04까지 | 밀,새우,대두,우유 함유 | 시즈닝 | 산화전분,말토텍스트린),새우풍이유,염이 | 10%),맛베이스조미분일,혼합제제(타피오키 | 이시아산),옥수수전분, 새우(미국산 90%, 국산 | U리(딛입분인(민면억 | 요해 | 6865E0701088 | (무2장)e R장 | 06올 | 3  6 | OTHER | 2 | ：慢气？ | ma | 0 | OF | 4 | "" | 合 | 州卡香 | 080-023-5181 | R | WHEAT | 你言  善金壮晶 结m | 1018810 | wwwnom | 1 | y911195m 12% | 五19 55 66911% | 9 59 9 41Y99 0590 | 1% | 百食品品 | HACCP | AlBoape | . | , | 曙草人 | Y | ，(，， ) | ，，，，，，， | 19760342001-184(01) | 141300 | 2026.09.04 | ，， | 人Y | ，，， | , | ， | 晶)品()0(0居)青品 | olY | 818135989 | () | 06 | 46kca | OTHER | 새우강 | R | 제품명 | 새우깡 | 식품유형 과자(유저리제장) | ""우깡 이렇에 만들어요!"" | 소먹분(일 미국산),미강유(태국산),땅유(말레 | 이시아산),국수수전분, 새우(미국산 90%,국산 | 10%),맛베이스조미분말,혼합제제(타피오카 | 원재료명 | 산화전분,말토댁스트린),새우풍미유, 염미 | 시즈닝 | 밀,새우,대두,우유 함유 | 소비기한후면표기일까지 | 포장재질 폴리프로필렌 | 품목보고번호 | 19760342001-184(안양) | ·쇠고기,돼지고기,토마로,게,닭고기,오징어,잣,땅콩, | 계란, 조개류(굴, 전복,홍합 포함)를 사용한 제품과 같은 | 시설에서 제조하고 있습니다. | ·직사광선을 피하고 서늘하고 건조한 곳에 보관하십시오. | WIIEAT | 개봉후바로드십시오 | ·간혹 과자에 있는 검은 물질은 새우의 껍질 등이 부분적 | o매제 수탈 말 이정식 | Ul | yo리 | 매해한극쿠력빵장· | 전문정격시까 | ·신선도 유지를 위해 질소충전포장을 하였습니다. | OTHER | I동연신민리언증 | HACCP | 새무평만의 빛살무니를 넘어 | 뜨컵게 달친 으로 구워 좋니다. | 818010431035989 | (세 ±구에  방인일) | 2026.09.04까지 | ⑨ | 드레싱을 클루 뿌려한성 | 안양2A14배미성 1300 | 농심물바로가기 | 농심 | 영양정보 | 총 내용량90 | ma | ※농심의 독지적인 설비와 공법으로 만들어 | 465 kcal | 나트를610mg 31% 탄수화물 54 g 17% | 가정에서 동일하게 만들 기는 어렵습니다. | 농심 | 당류 5g 5% 지방 25g 46% 트랜스지방0.5g미만 | 고객상담 수신자요금부담 | 포하지방9g 60% 콜레스테를 5mg미만 1% | ·본사:서울택별시 동작구 | 080-023-5181 | 의대n2신대방동) | 단백질 6 g 11% 칼85mg 12% | www.nongshim.com | [연이오무입이장 | u | 州宁吉 | R | () | "" | ,, | ，，， | 医Y | ，， | 号卫 | 19760342001-184(010) | ，，，，，，， | ，(，， ) | WHEAT | 人 | 引 | b是 候巴 ko晶A | 1018810 | 君亡 若 Y | OTHER | Ioueapa | HACCP | 1o  o | 402 79. | 8801043035989 | 2026.09.04 | ④ | 18 2 | 141300 | ON | ORY | 90 | ma | 465 kcal | 610mg 31% 54g17% | F台 | 5g5%2546%0.5 | 9g60%5m1% | 人 | 080-023-5181 | 6 g 11% 85 mg 12% | www.nongshim.com | 1 | b | 새우강 | 제품명 | 새우장 | 식품유형 과자(유저리제장) | ""우깡 이렇에 만들어요!"" | 소맥분(밀:미국산),미강유(태국산),평유(말레 | 이시아산),옥수수전분,새우(미국산 90%,국산 | 10%),맛베이스조미분말,혼합제제(타피오키 | 원재료명 | 산화전분,말토텍스트린),새우풍이유, 염미 | 시즈닝 | 밀,새우,대두,우유 함유 | 소비기한후면표기일까지 | 포장재질 폴리프로필렌 | 품목보고번호19760342001-184(안양) | ·쇠고기,돼지고기,토마로,게,닭고기,오징어,잣,땅콩 | 계란, 조개류(굴, 전복, 용합 포함)를 사용한 제품과 같은 | 시설에서 제조하고 있습니다. | ·직사광선을 피하고 서늘하고 건조한 곳에 보관하십시오 | WIIEAT | 개봉 후 바로드십시오 | -간혹 과자에 있는 검은 물질은 새우의껍질 등이 부분적 | 으로 검게 보이는 것으로 안심하고드셔도 됩니다 | 새우와 말가루를 잘 손잡한 후 스델 | ·소비자기본법에 의거 교환,한불해드립니다. | 이용하에 만은 반국을 로 않에 말어추고 | ·부정-불량식품 신고는 국번없이 1399 | ·반품;본사 및 구입한 곳. | ·신선도 유지를 위해 질소충전포장을 하였습니다. | OTHER | 식동면간민리번증 | HACCP | 세우팽만의 빛살무뇌를 넘어 | 뜨접에 달친으로 구워 니다. | 8801043035989 | (세 ±금구세) 방인) | 2026.09.04까지 | ⑨ | 드해싱을 글그루 뿌리한성 | 안양2A14배미성 1300 | 농심물바로가기 | 농심 | 영양정보 | 총내용량90 | maQ | ※농심의 독지적인 설비와 공법으로 만들어. | 465 kcal | 나트를 610mg 31% 탄수화물 54 g 17% | 가정에서 동일히게 만들 기는 어렵습니다. | 농심 | 당류 5g 5% 지방 25g 46% 트랜스지방0.5g미만 | 고객상담 수신자요금부담 | 포하지방9g 60% 콜레스테를 5mg미만 1% | ·본사:서울택별시 동작구 | 080-023-5181 | 이의대방로112(신대방동) | 단백질 6 g 11% 칼승 85 mg 12% | www.nongshim.com | 1일 영양성분 기준치에 대한 비을(%)은 2,000 kcal 기준으로 | 개인의 필요 열량에 따라 다를 수 었습니다 | 州宁吉 | ""O | ，, | ,, | ，，, | Y | ，， | 卫19760342001-184(01) | ，，，，，，， | ，(，， ) | WHEAT | 喔人 | 399 | . | OTHER | Alecueapts | HACCP | 42 79. | 8801043035989 | 2026.09.04 | ④ | 2 | 141300 | ▼ | ON | ORY | 90 | ma | 465 kcal | 610 mg 31% 54g 17% | F台 | 55%2546%0.5 | 9g60% 5m1% | 080-023-5181 | 6 g 11% 85 mg 12% | www.nongshim.com | 2,0 | 이의대양로n2신대방동) | 본사:서울특별시 동작구 | mag | 농심물바로가기 | 농심 | (4 ±금구) 방인) | 에 로구원 니다. | 새우명만의 빛상무니를 넘어 | ※농심의 독자적인 설비와 공법으로 만들어 | 가정에서 동일히게 만들기는 어렵습니다. | 080-023-5181 | 고객상담 수신자요금부담 | © | wbwowusuuouwmm | 개인의 필요 열량에 따라 다를 수 있습니 | 1일 영양성분 기준치에 대한 비율( | 단백질 6g 11% 칼슘85 mg | 포하지방9g60% 콜레스테 | 당류5g 5% 지방25g 46% | 나트를610mg 31% 탄수화 | 영양정보 | HACCP | 안양2A14t | 2026.0 | 8180 | 人 | ma | 0 | 告 | FO | ) | 279 | 1 | 080-023-5181 | # | à 2  ie | www.n.c.cgm | 6 g 11% 85 mg | 9g60% | 5g5%25g46% | 610 mg 31% | OFRY | HACCP | 14 | 2026.0 | 880 | (Ga tm) | t a | u | 하 | 온MY | 드레싱을2 | © | 0 | SS5 | WIREAT | HACCP | ·신선도 유지를 위해 질소충 | ·반품:본사 및 구입한 곳. | ·부정·불량식품 신고는 국변 | ·소비자기본법에 의거 교환 | 으로 검게 보이는 것으로 | ·간혹 과자에 있는 검은 물 | 개봉후 바로드십시오 | ·직사광선을 피하고 서늘해 | 시설에서 제조하고 있습 | 계란, 조개류(굴, 전복, 등 | ·쇠고기,돼지고기,토마로 | 품목보고번호 19760342 | 소비기한 후면 표기일까지 | 원재료명 | 제품명 새우장 | 안양2A14E | 2026.0 | 밀, 새우,대두 | 시즈닝 | 산화전분,말 | 10%),맛베이 | 이시아산),옥수 | 소액분(밀 미국 | 8180 | (G  m d) | t 可是 | lo n | ~ ルyy  yBo | 1810号 k10 | 叶 | 52418 22 | # | 3 | 东 | WHEAT | 金 | 1010810 | HACCP | 纵 | B人Y Y | ，得居，号，喜 | ，, | 19760342 | 14 | 2026.0 | , | Y | ， | 10%), | 880 | Hh o | 연시오이리-(입이 | Z1S89 | 0 | 1 | 0요 | 영양정보 | HACCP | 안양2A14배미성 1300 | 2026.09.04까지 | 88010431035989 | O* | 465 kcal | 내용량90 | b量eb | y  91 85 m12% | 五 6% | 9月5g 9 19190 | g    9178 | 00 | HACCP | 141300 | 2026.09.04 | 8801043035989 | KO | 465 kcal | 890 | HACCP | ·신선도 유지를 위해 질소충전포장을 하였습니다. | ·반품;본사 및 구입한 곳. | ·부정·불량식품 신고는 국번없이 1399 | ·소비자기본법에 의거 교한,한불해드립니다. | 으로 검게 보이는 것으로 안심하고 드셔도 됩니다 | 이을이해 이 | S | 위입한이 이이이 | Yu이 | ( | [이 이 | 품목보고번호19760342001-184(안양) | 소비기한 | 원재료명 | 제품명 | 안양2A14배미성 1300 | 2026.09.04까지 | 후면 표기일까지 | 밀,새우,대두,우유 함유 | 시즈닝 | 산화전분,말토텍스트린),새우풍이유,염이 | 10x),맛베이스조미분말,혼합제제(타피오키 | 이시아산),옥수수전분, 새우(미국산 90%,국산 | 소액분(밀 미국산),미강유(태국산),평유(말레 | [새우깡 | 8801043035989 | 식품유형 과자(유저리제품) | 포장재질 폴리프로필렌 | OTHER | 1 | HACCP | 号呢 | Y ( 晶  ) 2 | 19760342001-184(01) | 141300 | 2026.09.04 | ,， | 人医Y | ，，， | ,, | ,, | 8801043035989 | () | OTHER | 仓 | 새우강 | (3 | 제품명 | ""우깡 이렇게 만들어요!"" | 州卡吉 | R | ""io | 새우강 | 제품명 | 재우강이정체 만들어요"" | 州宁吉 | ""i0. | [ue] | 1018810 | 12 | √ | R | Unla | [U그e] | 3 | 电 | 2 2   1010810 | 새무와 말가루를 잘 손산한 후 스델 | 이용하여 안은 반속을 클러로 않게 말어주고. | 8 | 새무와 말가루를 잘 손산한 후 스델 | 이용하에 안은 반술을 들러로 않에 말추교. | 8 | Ua다 | Un한면다레영 | 1018810 | 새무와 알가루를 잘 논산한 + 스달 | 이용하에 만은 반족을 물리로 않게 말여주고. | 개봉 후바로드십시오 | 관하십시오 | ·간혹 과자에 있는 검은 물질은 새우의 껍질 등이 부분적 | 으로 검게 보이는 것으로 안심하고 드셔도 됩니다 | 纵 | 개봉 후 바로 드십시오 | 보관하십시오 | -간혹 과자에 있는 검은 물질은 새우의 껍질 등이 부분적 | 으로 검게 보이는 것으로 안심하고 드셔도 됩니다 | 喔纵 | ·쇠고기,돼지고기,토마로,게,닭고기,오징이,잣,땅콩, | 계란, 조개류(굴, 전복, 홍합 포함)를 사용한 제품과 같은 | 시설에서 제조하고 있습니다. | ，，，，，，， | ，(，， ) | 쇠고기,돼지고기,토마로,게,닭고기,오징어,잣,땅콩 | 계란,조개류(굴,전복, 홍합 포항)를 사용한 제품과 같은 | 시설에서 제조하고 있습니다 | ，，,,,， | ，(，， ) | ·직사광선을 피하고 서늘하고 | 계란, 조개류(글,전복,용합 포함)를 사용한 제품과 같은 | ·쇠고기,돼지고기,토마로,계,닭고기,오징어,장,평공 | 시설에서 제조하고 있습니다. | ，(，， ) | ，，，，，， | 작b록단의영 | u을지 | lc.이남을 | FO | 2 | 夜含Y 量(品五 昆景  ) 2k | 80 | 0 | 시설에서 제조하고 있습니다. | ·직사광선을 피하고 서늘하고 건조한 곳에 보관하십시오. | 개봉 후바로드십시오 | 喔纵 | 시설에서 제조하고 있습니다 | ·직사광선을 피하고 서늘하고 건조한 곳에 보관하십시오. | 개봉 후 바로 드십시오 | 喔纵 | ·쇠고기,돼지고기,토마로,게,닭고기,오징어,잣,땅콩 | 계란, 조개류(굴,전복,홍합 포함)를 사용한 제품과 같은 | 시설에서 제조하고 있습니다. | ，，，，，， | ，(，， ) | 쇠고기,돼지고기,토마로,게,닭고기,오징이,잣,땅콩 | 계란,조개류(굴,전복,홍합 포함)를 사용한 제품과 같은 | 시설에서 제조하고 있습니다 | ，,,,,，, | ，(，， ) | 시설에서 제조하고 있습니다 | 계란, 조개류(굴, 전복, 용합 포함)를 사용한 제품과 같은 | ·쇠고기,돼지고기,토마토,게,닭고기,오징어,장,땅콩 | 품목보고번호 19760342001-184(안양) | ，(，， ) | ，，，，，，， | 卫19760342001-184(01) | Yu이범입 | 한18-10연조티09/6이0ㄴ | 及Y ( 昂  ) 2 | Q 0617099) | ·소비자기본법에 의거고 | 으로 검게 보이는 것으로 안심하고 드셔도 됩니다. | -간혹 과자에 있는 검은 물질은 새우의 껍질 등이 부분직 | 개봉 후 바로 드십시오 | 안 곳에 보관하십시오 | 喔纵 | ·소비자기본법에 의거 교 | 으로 검게 보이는 것으로 안심하고 드서도 됩니다. | -간혹 과자에 있는 검은 물질은 새우의 껍질 등이 부분적 | 개봉 후 바로 드십시오 | 안 곳에 보관하십시오 | 纵 | 이정이형이지 | 을전이 이 혈는 | TㅋR움 | 작영이입 | 呢 | ·간혹 과자에 있는 검은 | ·직사광선을 피하고 서늘하고 건조한 곳에 보관하십시오. | 개봉 후 바로 드십시오 | 시설에서 제조하고 있습니다. | Y Y | 曙幸喔纵 | D히허운능목 | (19010)18112021109/0 | 한ac.셋인 | 작준린...면면 셋 셋 | 骗 | 197600100030919) | 我 | ( ) | 주금운능목 | (1903)181-10021109/ | 한a조.남 | 작준준.준..면면 셋 셋 | 骗百 | 197600100030919) | 2 ( ) | 새무와 말가루를 잘 손산한 후 스델 | 이용하여 한은 반속을 클러로 않게 말어주고. | 8 | [Unua다면수 | [U면] | 1018810 | 새우와 말가루를 잘 손산한  스델 | 이용하여 안은 반국을 들러로 않게 말어주고. | 8 | 새무와 알가루를 잘 손산한 후 스델용 | 이용하에 만은 반을을 들력로 않게 말어주고. | 8 | ""재우깡 이렇게 만들어요!"" | "" . | ""재우깡 이렇게 만들어요!"" | ""O | ”우깡 이렇에 만들어요!"" | "" | ""매우깡이렇에 만들어요!"" | ""10 | ""우깡 이걸에 만들어요!"" | "" . | 재우깡이렇에 만들어요!"" | "" | ·간혹 과자에 있는 검은 물질은 새우의 껍질 등이 부분적 | 으로 검게 보이는 것으로 안심하고 드셔도 됩니다 | ·소비자기본법에 의거 교환,환불해드립니다. | ·간혹 과자에 있는 검은 물질은 새우의 겁질 등이 부분적 | 으로 검게 보이는 것으로 안심하고 드셔도 됩니다 | ·소비자기본법에 의거 교환,한불해드립니다. | ·간혹 과자에 있는 검은 물질은 새우의 껍질 등이 부분적 | 으로 검게 보이는 것으로 안심하고 드셔도 됩니다 | ·소비자기본법에 의거 교환,한불해드립니다. | , | ·간혹 과자에 있는 검은 물질은 새우의 겁질 등이 부분적 | 으로 검게 보이는 것으로 안심하고 드서도 됩니다 | ·소비자기본법에 의거 교환,한불해드립니다. | , | ·반품:본사 및 구입한 곳. | ·신선도 유지를 위해 질소충전포장을 하였습니다. | OTHER | . | OTHER | 2 | 반품;본사 및 구입한 곳. | ·신선도 유지를 위해 질소충전포장을 하였습니다. | OTHER | OTHER | 도 만늘어, | 나트름 610mg 31% 탄수화물 54 g 17% | 접습니다. | 당류 5g 5% 지방25g 46% 트랜스지방0.5 g미만 | 포화지방9g 60% 콜레스테를 5m0미만 1% | ·금부담 | 610mg31%54g17% | 合4C. | 55%2546%0.5 | 960%5 1% | 나트름 610mg 31% 탄수화물 54 g 17% | 검습니다. | 당류 5g 5% 지방25g 46% 트랜스지방0.5 g미만 | 포화지방9g 60% 콜레스테를5m0미만 1% | 금부당 | 610mg 31%54g17% | 合4C. | 55%25g46%0.5 | 960%51% | 도 만늘어, | 나트름 610mg 31% 탄수화물 54 g 17% | 접습니다. | 당류 5g 5% 지방25g 46% 트랜스지방0.5 g미만 | 포화지방9g 60% 콜레스테를 5m0미만 1% | ·금부담 | 610mg31%54g17% | 合4C. | 55%2546%0.5 | 960%5 1% | 나트름 610mg 31% 탄수화물 54 g 17% | 검습니다. | 당류 5g 5% 지방25g 46% 트랜스지방0.5 g미만 | 포화지방9g 60% 콜레스테를5m0미만 1% | 금부당 | 610mg 31%54g17% | 合4C. | 55%25g46%0.5 | 960%51% | 나트 610mg 31% 탄수화물 54 g 17% | 접습니다. | 당류 5g 5% 지방 25g 46% 트랜스지방0.5g미만 | 포화지방9g 60% 콜레스테를 5 m0미만 1% | 금부당 | 610mg31%54g17% | 合4C. | 55%2546%0.5 | 9 60%5 1% | 나트 610mg 31% 탄수화물 54 g 17% | 검습니다. | 당류5g 5% 지방25g 46% 트랜스지방0.5g미만 | 포화지방9g 60%콜레스테를5m0미만1% | 금부당 | 610 mg 31%54g 17% | d合4C. | 5g5%2546%0.5 | 960%5 1%",새우깡|오레오,새우깡,0.7794,view1,paddleocr_boost,,OCR_MULTIPLE,,REINSERT
IMG_5181.jpg,칸타타,,1,8801056102036,칸타타,Cantata | 온트라 | SWEET BL | Cold Brel | 500nl,칸타타,칸타타,1.0,03_칸타타,paddleocr_preproc,,CONFIRMED,칸타타,CONFIRMED
IMG_5186.jpg,칸타타,,0,,,"ntata | 트라베이스 | 위트 블랙 | sal nakesla | chanchsnr | sod deep black | lBrew | 1012분 126%),13 | ,",칸타타,칸타타,0.7143,03_칸타타,paddleocr_preproc,,CONFIRMED,칸타타,CONFIRMED
IMG_5185.jpg,칸타타,,1,8801056102036,칸타타,"OS | SAE | LOSAEn | 100108 | %1 | 국이 | 과인 | 요 | 자자 | O | KF | K | (2/-0EL | (0002458R | 보리버품 | 나을 | 이 | O | J | 물나용물 | 머r | hn | O | 기혼 | 후광이예야아용 | n | H | 새료 | OK | 챗사자해부있대 | UO | ：0路 | SA: | 10587 | 80kcal | *：12000 | JOT | 9 | 闪 | gl | KH | 区 | 302 | 1000228 | 百品品品 | 引 | o | TOT | olD | rulo | 导 | sh | THO | JOJ | 止 | 居 | H | B | DO | WIN | 경기도 | 원재료명 정제수,콘트라베이스원 | 주출액(커피원두:에티오피아 50 % | 질50%설OA | 산),커피추출농축액B(콜홈비아산), | 료(커피향),탄산수소나트륨,이스코 | 나트륨 *커피고형분:120 %.90 | ""전자레인지 또는 불 | 장고 보관금지·직 | 를 | 해서늘한 곳에 얼 | 리 세요제품 고유의 | 여 | 높는 침전물이 생길수 | 부 | O | 물 | 있 | O | 나 | 여 | 기의 변형,팽칭 | 4 | 용 | 변질시드시지 | 어린이 임산부 카페인 민감지 | 섭취에 주의하세요·소비자 | 거 | 부정 | 1399 | 교환 뜻데칠성음료(주) | 080 | -730-1421010처 | 275 | : | 150 %)，， | (), | :120%. | 欢 | ppp | · | 0 | 早 | o | H | ou | O | L | CHHU | 4 | 80 | 2 | 万 | 早君 | 1399 | 吴() | 080 | 730-147210170元 | 경기도 | 원재료명 정제수,콘트라베이스원 | 주출액(커피원두:에티오피아 50 % | 질50%설OA | 산),커피추출농축액B(콜홈비아산), | 료(커피향),탄산수소나트륨,이스코 | 나트륨 *커피고형분:120 %.90 | ""전자레인지 또는 불 | 장고 보관금지·직 | 를 | 해서늘한 곳에 얼 | 리 세요제품 고유의 | 여 | 높는 침전물이 생길수 | 부 | O | 물 | 있 | O | 나 | 여 | 기의 변형,팽칭 | 4 | 용 | 변질시드시지 | 어린이 임산부 카페인 민감지 | 섭취에 주의하세요·소비자 | 거 | 부정 | 1399 | 교환 뜻데칠성음료(주) | 080 | -730-1421010처 | 275 | : | 150 %)，， | (), | :120%. | 欢 | ppp | · | 0 | 早 | o | H | ou | O | L | CHHU | 4 | 80 | 2 | 万 | 早君 | 1399 | 吴() | 080 | 730-147210170元 | 20000360372273 | 주출액(커피원두:에티오피아 50 % | *고형분120%.00 | (커피향),탄산수소나트름,이스 | E | 세요제품오유의 | SU | 후 | 울H크 | 0 | %.0 | uo- | 문 | 보 | 가 | 리 | 몰킨기 | O | 되IL | 기OJ | OH | 광이 | 예 | 경 | a | 지 | 하 | 20000360372273 | ：120%.0 | () | IM | 悦·刘 | or | 101 | 口 | 50%.0 | ILo0lIl | 品品 | H | 7 | T | 3h | olD | 引 | JOJ | oH | FOOい | o | RO | F | K | T0 | 침전물이 생길수 | n오 | 10 | 해 서늘한 곳에 | . | 변찰시도시치마 | t | 0 | 수신자 | NU | No | H | 1이라이 | 리 | 여 | 광이S | 예 | 여0 | 0 | 지 | 3 | 天 | No | 10 | 经 | 0 | 人 | 出 | Hol | 人 | ulo | 工 | 10120 | 己 | H | FOOO | o | 010 | 0 | 11 | K | 从 | = | 二 | SRVHO | E | o) :0)贝y：l0 | CHANO | 2 | 라베이스원두 | 액(커피원두 에티오피아 50 % | 액A비 | 원재료명] | U2 | 0人 | 0 | CHAH | 区 | N이 | 비 | HD | RIU | 몰킨그 | rol | IR | THO | IT | OHB | 影3 | GNI이 | 바 | HD | RN | 가() | O | KH | HO | E | rlol | R | THO | TT | (人) | KH | HO | 三 | 추출액(커피원두:에티오피아 50 % | 질50%설커액A | 산),커피추출농축액B(콜롬비아산) | :5% | 150 %), | 질50%설추A | 산),커피추출농축액B(콜롬비아산) | 为150 %)，日 | 추출액(커피원두:에티오피아 50 % | 질50%설커액A | 산),커피추출농축액B(콜롬비아산) | :5% | 150 %), | 질50%설추A | 산),커피추출농축액B(콜롬비아산) | 为150 %)，日 | 원재료명 정제수,콘트라베 | 산),커피주출동죽액B(콜롬비아산), | 료(커피향),탄산수소나트륨,이스코 | 나트륨 * 커피고형분:120 % | () | L*:120% | 산),커피주출동죽액B(콜롬비아산)회 | 높(커피향),탄산수소나트륨,이스코 | 나트륨 *커피고형분.120 % | ) | *:120% | 50%),설탕 커피추출농축액A(비 | 산),커피추출농축액B(콜롬비아산). | 높(커피향)탄산수소나트륨 아ㅅ | 50%，， | 질 | HAH | 높(커피향)탄산수소나 | HAH | ) | 료(커피양) | 따코대 | () | CCH | n)격 | 매제는 | 2) | 方灯芒物 | 료(커피양) | 따코대 | () | CCH | n)격 | 매제는 | 2) | 方灯芒物 | 7형0 | Y | # | B | TOO | 屋 | 五 | H | 형 | TO | 1399 | 1399 | 부 | 정 | 품 | 1399 | 롯데칠성 | 음료(주) | 80 | 8 | 신지 | 早 | 公 | 造 | 1399 | I | ()) | 080 | 6 | 贝 | 임산부,카페인 | =섭취에 주의하세요. | |결기준(공청위고시 | ) | 변 | 明 | 변 | 明 | 나트륨 *커피고형분120% | 띠코대드미보 | :120% | 中adc可y | 료(기피앙,닌진수소나르늄 | 나트륨 *커피고형분 120%1.00 | 띠코대드 미 보스아L트O | (九叫) | *:120%. | CaIC可IANENE | 나트륨 *커피고형분120% | 띠코대드미보 | :120% | 中adc可y | 료(기피앙,닌진수소나르늄 | 나트륨 *커피고형분 120%1.00 | 띠코대드 미 보스아L트O | (九叫) | *:120%. | CaIC可IANENE | + | 0 | 지해부 | 보 | 개봉 | 후 | ㅇ야 | 리버 | 세 | 제 | 품 | 물 | 침 | 전 | 물 | 0 | 大 | 旦 | 曙 | 1o0 | gOE | 业 | 刘 | 店 | H | 梨 | H | 0 | 지하부 | 후 | 서참 | 제 | 품 | 8 | 물 | 전 | 물 | 0 | 大司 | o | 小衣 | 刘 | 苦 | 0 | H | 大 | H | 0 | Y4 | 후규고 | 명 | Y8 | 高 | 후낚고 | 3 | 宝 | 0 | 아스여 | 나여에 | 공변 | JLT영 | 0 | 상 | 0 | 이요 | 팽 | 변 | 칠 | 시 | 도 | x | 01-00 | H | 吉苏 | JIJ-T80 | 0 | 0 | 8 | OKO | CHC | 5 | 大 | 人 | 5 | 闪 | 아여어 | 나여 | 품질 | JJT영O | 이 | 상 | 변 | 질 | X | 도 | X | 010 | H | 器 | JIJ-70 | 0 | O | 5 | 大 | 人 | 5 | 风 | 액(커피원누:에티 | ,설탕,커피 | 50%) | 주 | 50%) | H | 사 | 大 | H | 액(커피원누:에티 | ,설탕,커피 | 50%) | 주 | 50%) | H | 사 | 大 | H",,칸타타,0.4495,view3,paddleocr_boost,,OCR_NO_MATCH,,REINSERT
IMG_5195.jpg,오뚜기컵밥,,0,,,"으려가 있으니 휘급시 | 하세요 | 들는곳 | 영양정보 | ① | 국선, 신도조절제],맛있는 춘천닭갈비덮밥소 | 층내용량315g | 국·시물성유지, 복은양파,고추장, 굴소스, 양파,고구마 | 475 kcal | 했왔고육수,미향,고추가루,깨잎,변성전분,덕스트 | 나트륨1,280mg | 중전,영양강화제,후추분,파프리카추출사소1,파 | 64% | H | 만입는 계란국전란액(계란:국산),파(국사):,물 | 탄수화물77g | 31 | 24% | 제쩌소금,변성전분,미향,복합조디식품,전 합 | R8 | 당류11g | 11% | 풍페 후추분, 올레오레진로즈메리,카로틴] | 지방12g | 22% | 2D | 문유유대두,밀.닭고기,조개류(굴), 고등이 함유 | 0 | 트랜스지방 0g | 보고번20010445055417 | 스우차-폴리프로필렌(내면)/ | 포화지방1.5g | 10% | 인나연/스푼 폴리프로필렌 | 기조개류(전복,홍합 포함)혼입 가능 | 콜레스테롤50mg 17% | ERS | 품신고는국번없이 1399 | 단백질15g | 27% | 1보관하십시오 | E | 2N24-231(수신자요금부담) | 영영정보는 의 국 | (맛었는 계한국 나트를 360mg | B: | BUSE | SA8 | 爸天 | ① | 315g | , | 475 kcal | ，，，， | 1,280mg | ,, | 64% | ( | 77g | 3 | 24% | 欢 | 11g | 11% | ，, | 12g | 22% | 全 | () | 0 | 0g | 卫 20010445055417 | 1.5g | 10% | (喜 ) | 印50mg17% | 正光 | 1399 | 15g | 27% | 万人 | 民咨 | 024-2311() | 17(2000 | 8 | 360mg) | ： | B | 강당상도 | 국선),산도조절제]맛있는 춘천닭갈비덮밥 | 총내용량315g | 공물성유지, 볶은양파,고추장,굴소스, 양파,고구마 | 475 kcal | 재#육고기육수,미향,고추가루,깨잎,변성전분,덕스트 | 나트륨 1,280mg | 명중진폐 영양감화제,후추분,파프리카추출식""소1,파 | 록금만입는 계란국(전란액(계란: 국산),파(국산:,물 | 탄수화물77g | 2 | 문제 제소금.변성전분,미향,복합 조디식품,전를기합 | 당류11g | 11 | [총면폐 후추분, 올레오레진로즈메리,카로틴] | 지방12g | 22 | 문유유대두 밀 닭고기 조개류(굴), 고등이 함유 | 트랜스지방 0g | 공보고번호20010445055417 | 스파우차-폴리프로필렌(내면)/ | 포화지방1.5g | 10% | p들나인)/스푼 폴리프로필렌 | 기조개류(전복,홍합 포함)혼입 가능 | 콜레스테롤50mg 17% | ·신고는 국번없이 1399 | 단백질15g | 27% | 보하십시오 | AV2A-23)1(수신자요금부담) | Uunlan | [Unllel | 영영정보는 업법과 계한국 현가 | (맛었는 제한국 나트를 회On | 검자: | B | OOOD | 315g | ，， | 475 kcal | ,,，，， | U1,280mg | ,, | ( | 77g | 2 | , | 11g | 11 | ，, | 12g | 22 | () | g | 卫20010445055417 | ( | 1.5g | 10% | (喜 ) | 印50mg17% | 1399 | 15g | 27% | S人可U | -024-2311) | 19000 | 88 | 360 | 购： | BIKEB | 강당상도 | 국선),산도조절제]맛있는 춘천닭갈비덮밥 | 총내용량315g | 공물성유지, 볶은양파,고추장,굴소스, 양파,고구마 | 475 kcal | 재#육고기육수,미향,고추가루,깨잎,변성전분,덕스트 | 나트륨 1,280mg | 명중진폐 영양감화제,후추분,파프리카추출식""소1,파 | 록금만입는 계란국(전란액(계란: 국산),파(국산:,물 | 탄수화물77g | 2 | 문제 제소금.변성전분,미향,복합 조디식품,전를기합 | 당류11g | 11 | [총면폐 후추분, 올레오레진로즈메리,카로틴] | 지방12g | 22 | 문유유대두 밀 닭고기 조개류(굴), 고등이 함유 | 트랜스지방 0g | 공보고번호20010445055417 | 스파우차-폴리프로필렌(내면)/ | 포화지방1.5g | 10% | p들나인)/스푼 폴리프로필렌 | 기조개류(전복,홍합 포함)혼입 가능 | 콜레스테롤50mg 17% | ·신고는 국번없이 1399 | 단백질15g | 27% | 보하십시오 | AV2A-23)1(수신자요금부담) | Uunlan | [Unllel | 영영정보는 업법과 계한국 현가 | (맛었는 제한국 나트를 회On | 검자: | B | OOOD | 315g | ，， | 475 kcal | ,,，，， | U1,280mg | ,, | ( | 77g | 2 | , | 11g | 11 | ，, | 12g | 22 | () | g | 卫20010445055417 | ( | 1.5g | 10% | (喜 ) | 印50mg17% | 1399 | 15g | 27% | S人可U | -024-2311) | 19000 | 88 | 360 | 购： | BIKEB | 국관), 산도조절제],맛있는 춘천닭갈비듬 | 국)식물성유지,볶은양파,고추장, 굴소스, | 내왔고기육수,미향,고충가루,깨잎,변성 | 종전제,영양감화제,후추분,파프리카추 | 리)마입는 계란국[전란액(계란:국산),1 | 제 정제소금,변성전분,미향,복합조디식 | 페 후추분,올레오레진로즈메리,카로 | 문유유대두 밀닭고기 조개류(굴), | 몸보고번호 | 20010445 | 스우차-폴리프로필렌(내면)/ | p스나인스문 폴리프로필렌 | D | ，，， | ,,，， | ,, | ，, | () | 号至卫进堂 | 20010445 | ( | - | 烟钢 | 프IA | ① | T요ㅇO | S | 조·영 | UT GL | 갯잎,변성전분,덱스트 | 나트름1,280mg | 프리카추출색""소1,파 | 관:국산),파(국산·,물 | 탄수화물77g | 2 | na | "" | 스알도 | 2 | 22 | 개류(굴),고등어 함유 | 트랜스지방 0g | 010445055417 | 포화지방1.5g | 10% | 면)/ | 팔렌 | 콜레스테롤50mg 17% | 晶商A尼行 | ① | 1000 | q山号号3159 | 现人老品 | 75 cal | , | 1,280mg | 1, | ),( | 77 | 2 | 同程 | 1g | 11 | ol2] | 19 129 | 22 | ()，卫 | 0g | 010445055417 | 1.5g | 10% | )/ | 印50mg17% | - | S00UUS | 피르/ | 6EL1O | TYOEDa | 624-231(수신자요금부담) | 검자: | BUM | (品h)R层202是-倍位 | 145 | R居2020 金/( | 13 | Y | -024-2311) | 购： | BIRIO | 010445055417 | 포화지방1.5g | 10% | 면)/ | 필렌 | 콜레스테롤50mg 17% | 홍합 포함)혼입 가능 | 단백질15g | 27% | 없이1399 | Uulan | [Unlalel] | 금부담) | 영영정보는 업법적 개민국 현개 | (맛었는 대한국 나트 MOn | 010445055417 | 1.5g | 10% | 1)/ | 全印50mg17% | 15g | 27% | 01399 | 192000 | 8 | 360 | 나인/스푼 폴리프로필렌 | 포화사랑 | 고기조개류(전복,홍합 포함)혼입 가능 | 콜레스테롤 | a람시품신고는 국번없이 1399 | 단백질15g | 1보하십사오 | lan | - | 空 | (号喜 ) 喜 | 人印 | 1399 | 15g | SYU | 1营 | XAOREO | 데 | RMAH | 르프르륨-/ | V | 66EL 1NA | 단백질15g | 보하십시오 | l 영기 | (石h)R房星 | 品lyk王 | R层02-/ | 间书正工 | 暑的是 | 013 | 15g | SYU | 9格 | 단운융내가움 | H인조스조영 린 조셋장셋 | 1UCS G7 | .셋셋인리 | 6 | 号 | 475cal | 报号号学物机 | 문율융내움 | 한인조스간영란린 조셋셋컴래 | 1BG7 | 조리 | h | 品 | 475cal | 报业产卫人E | 기조개류(전복홍합 포함) | 푼 폴리프로필렌 | 시품 신고는 국번없이139 | 1보하십시오 | 0.V24-2311(수시T | (号,喜 动) | 是一驾 | 139 | S人可 | 024-2311(全T | 조개류(전복홍합 포함) | 푼 폴리프로필렌 | 시품 신고는 국번없이 139 | 보하십시오 | A-A24A-2311(수시T | 卫八空H(号,喜音 王动) | 是烈 | 139 | SYUE1 | -024-2311(全个T | 기조개류(전복홍합 포함) | 푼 폴리프로필렌 | 시품 신고는 국번없이139 | 1보하십시오 | 0.V24-2311(수시T | (号,喜 动) | 是一驾 | 139 | S人可 | 024-2311(全T | 조개류(전복홍합 포함) | 푼 폴리프로필렌 | 시품 신고는 국번없이 139 | 보하십시오 | A-A24A-2311(수시T | 卫八空H(号,喜音 王动) | 是烈 | 139 | SYUE1 | -024-2311(全个T | 보하십시오 | 남식품 신고는 국번없이 139 | v24-231(수신자요금부담) | 可 | 139 | 024-2311() | 보하십시오 | 남식품 신고는 국번없이 139 | A424-2311(수신자요금부담) | S人 | 139 | -024-2311() | 보하십시오 | 남식품 신고는 국번없이 139 | v24-231(수신자요금부담) | 可 | 139 | 024-2311() | 보하십시오 | 남식품 신고는 국번없이 139 | A424-2311(수신자요금부담) | S人 | 139 | -024-2311() | 기조개류(전복 홍합 포함)혼입 가능 | 람품신고는 국번없이 1399 | 1보하십시오 | GV2A-23)1(수시TS | (喜 ) | 1399 | 想可人 | 10-024-2311(AMITIO | 기조개류(전복 홍합 포함)혼입 가능 | ·람시품신고는 국번없이 1399 | 보하십시오 | O42A-231(수시T | (喜 ) | 1399 | -024-2311(会人IT | 기조개류(전복 홍합 포함)혼입 가능 | 람품신고는 국번없이 1399 | 1보하십시오 | GV2A-23)1(수시TS | (喜 ) | 1399 | 想可人 | 10-024-2311(AMITIO | 기조개류(전복 홍합 포함)혼입 가능 | ·람시품신고는 국번없이 1399 | 보하십시오 | O42A-231(수시T | (喜 ) | 1399 | -024-2311(会人IT | 지방129 | 문유대두 밀.닭고기 조개류(굴), 고등이 함유 | 트랜스지방 | 몸복보고번호 | 20010445055417 | 12g | () | 号卫堂 | 20010445055417 | 지방129 | 분유대두 밀 닭고기 조개류(굴) 고등어 함유 | 트랜스지방 | 몸목보고번호 | 20010445055417 | 12g | (),卫 | 号卫进堂 | 20010445055417 | 475 kcal | 내했육고기육수,미향,고추가루,깨잎,변성전분,덱스트 | 나트륨 1.280 | ·m패 여야가하제 흐츠부 파프리카츠추스소1 파 | 475 kcal | ，,，，， | UE1280 | 季1 | 475 kcal | 표육고기육수,미향,고충가루 깨잎,변성전분,덕스트 | 나트를 1.280 | 노패 여야가하제 흐츠부 파프리카츠축션 소1 파 | 475 kcal | ，,，，， | UE1280 | 1 | 보하십시오 | 품 신고는 국번없이 1399 | V2A-231(수신자요금부담) | 1399 | 024-2311() | 보하십시오 | 품 신고는 국번없이 1399 | 024-231(수신자요금부담) | S人 | 1399 | -024-2311() | 권)식물성유지,볶은양파,고추장, 굴소스, | ，， | 국식물성유지,볶은양파, 고추장, 굴소스, | 알고기육수 미항 고추가루 깨잎 변성 | ，， | ... | 두밀,닭고기,조개류(굴),고등어 함유 | 트랜스지 | 보고번호20010445055417 | 스파우차-폴리프로필렌(내면) | 포화지방 | (),卫 | 人 | 卫20010445055417 | (( | 유대두 밀 닭고기 조개류(굴),고등어 함유 | 트랜스지 | 목보고번호20010445055417 | 스타우차-폴리프로필렌(내면/ | 포화지방 | (),卫 | 卫20010445055417 | ( | 두밀,닭고기,조개류(굴),고등어 함유 | 트랜스지 | 보고번호20010445055417 | 스파우차-폴리프로필렌(내면) | 포화지방 | (),卫 | 人 | 卫20010445055417 | (( | 유대두 밀 닭고기 조개류(굴),고등어 함유 | 트랜스지 | 목보고번호20010445055417 | 스타우차-폴리프로필렌(내면/ | 포화지방 | (),卫 | 卫20010445055417 | ( | 국선),산도조절제]맛있는 춘천닭갈비덮밥 | ·색물성유지,볶은양파,고추장, 굴소스,양파,고구마 | , | 국판, 산도조절제],맛있는 춘천닭갈비덮밥 | 제물성유지,볶은양파,고추장,굴소스, 양파,고구마 | ,, | (- | 피 | 프 1CM | (Bh)R层202星-o | R居2020-Y/o | 8拉8拿青YY | - | E피륨Y | M | (Bh)R层202星-o | Re2020-Y/oh2 | 老 | 국선),산도조절제],맛있는 춘천닭갈비듬 | )식물성유지,볶은양파, 고추장, 굴소스, | ,, | 국판, 산도조절제],맛있는 춘천닭갈비덤 | 공식물성유지 볶은양파,고추장,굴소스, | ,, | 단수화물 77 | 제 빠소금,변성전분,미향,복합조디식품,전를 합 | 당류 11g | // | , | 11g | LRCC-PIA--R | 2로 | 단수와울7/ | 정소금변성전분,미항,복합조디식품,전 합 | 당류11g | CCE0AE.C,40 | 之 | 7 | , | 异11g | 품용보고번호20010445 | 스우차-폴리프로필렌(내면)/ | 보나인/스푼-폴리프로필렌 | 卫20010445 | ( | - | 품목보고번호20010445 | 스우치-폴리프로필렌(내면)/ | 나인/스푼폴리프로필렌 | 卫20010445 | ( | 나트륨 1,28 | 투중전제 영양강화제,후추분,파프리카추출스""소1,파 | ANNLTT-LOu | 41,28 | ,,1, | NNLETOH | BFLT미O | 나트름 1,28 | 종전폐,영양감화제,후추분,파프리카추출식'소1,파 | TNnSSrTSUu/ | MR1/AT,0I8, | 41,28 | ,,, | TONLTPOCTPLOS | 내에육고기육수,미향,고충가루,깨잎,변성 | 메패 여야가하제 흐츠부 파프리카츠 | ，,，， | 표육고기육수,미향,고충가루,깨잎,변성 | 째 여야가하제 호츠부 파프리카츠 | ，,卫，， | 39LOOO4 | 국대입는 계란국[전란액(계란:국산),파(국산),물 | 탄수화물 77 | RL그HT | aY50W0004 | ( | 77 | HTTT | -LOO | 1국입는 계란국[전란액(계란:국산),파(국산),물 | 탄수화물 7 | GW40004 | ( | 77 | 13소금,민정전문,미향,복립 조디식품,전 중합 | 총면페 후추분,올레오레진로즈메리,카로틴] | ,,, | ，, | 관께 후추분,올레오레진로즈메리,카로틴] | ，, | ) | 르피르륨- | (P7)R层202星- | R居020-Y/o | - | E피르륨 | HEM | (品h)R层202星- | R居202是 Y/(aha",,오레오,0.38,view5,paddleocr_boost,,OCR_NO_MATCH,,REINSERT
IMG_5196.jpg,오뚜기컵밥,,0,,,"실은보관 | 유형 즉석조리식품 | 원료명 맛있는 오뚜기 컵밥[쌀(국산),산도조절제]맛 | 가슴살(국산),정제수,양배추(국산),식물성유지,본은융 | ,마늘,사과퓨레.양조간장,감자,설탕,닭고기육수,미항고제트 | 린,청양고추,닭고기조미분말,향미증진제,영양강화제 후책동 | [프리카추출색소기/카레분,정제소금]맛있는 계란국(판( | 옛, ㄴ-글루탐산니름(향미증진제),정제소금,변성전분 했 | 액,가즈오에기스,열치액젓,향미증진제,후추분 올레예토 | 계란,우유대두밀고 | 소비기한널면표시일까지 | 목보 | 포장재질 | 컴용기밥용기리드소스파우처- 돌리프 | 맛있는 계란국 물리에렌(내면)/스 는 | 게메추리알우 토마로오정어기 | ·소비자기본법에 따라트해 시고기당 소 | 수마트그린컵 | 주시회사오뚜기 | 정자 | 충북음성군대소면 | Z | 대풍산단로 128 | 태육Ti타E 1S8 | 홍을  대수c | un] | 夸 | (),( | ， | - | ,， | ， | 晋号卫创 | · | 顺初利利 | 到利 | 华 | 型： | 红解光878L0 | 计验出谐 | 128 | 188 | 유형 | 즉석조리식품 | 원료명 맛있는 오뚜기컵밥[쌀(국산) 산도조질제있 | 가슴살(국산),정제수,양배추(국산),식물성유지,본은행 | ,마늘,사과퓨레,양조간장, 감자,설탕,닭고기육수, 미항고 | 린,청양고추,닭고기조미분말,향미중진제,영양강화제 후책분통 | 프리카추출색소기,카레분,정제소금]맛있는 계란국[ | 옛.L-글루탐산니품(향미증진제),정제소금,변성전분 황 | 액,가즈오액기스,별치액젓,향미증진제,후추분 올려예토 | 계란우유대두밀요고 | 공목보개 | 소비기한 | 날면표시일까지 | 키용기밥용기리드, 소스파우치- 돌리프로 | 포장재질 | 맛있는 계란국' 물리에털렌(내면)/스 ) | ·게메추리일 새우 토마토오징어쇠고기되지고기조 | 고객상담실:080-024-231 | 컵 | 오뚜기 | 1 | 주시회시 | 정자 | A | 충북음성군대소면 | R감비 | 대풍산단로 128 | 异 | 夸丕丛 | ( | (，(， | ， | ,- | , | 晋号卫 | ·，不 | ：080-024-2311 | 园 | Q华J | A | 计出店 | 12 | 유형 | 즉석조리식품 | 원료명 맛있는 오뚜기컵밥[쌀(국산) 산도조질제있 | 가슴살(국산),정제수,양배추(국산),식물성유지,본은행 | ,마늘,사과퓨레,양조간장, 감자,설탕,닭고기육수, 미항고 | 린,청양고추,닭고기조미분말,향미중진제,영양강화제 후책분통 | 프리카추출색소기,카레분,정제소금]맛있는 계란국[ | 옛.L-글루탐산니품(향미증진제),정제소금,변성전분 황 | 액,가즈오액기스,별치액젓,향미증진제,후추분 올려예토 | 계란우유대두밀요고 | 공목보개 | 소비기한 | 날면표시일까지 | 키용기밥용기리드, 소스파우치- 돌리프로 | 포장재질 | 맛있는 계란국' 물리에털렌(내면)/스 ) | ·게메추리일 새우 토마토오징어쇠고기되지고기조 | 고객상담실:080-024-231 | 컵 | 오뚜기 | 1 | 주시회시 | 정자 | A | 충북음성군대소면 | R감비 | 대풍산단로 128 | 异 | 夸丕丛 | ( | (，(， | ， | ,- | , | 晋号卫 | ·，不 | ：080-024-2311 | 园 | Q华J | A | 计出店 | 12 | 유형 즉석조리식품 | 원료명 맛있는 오뚜기 컵밥[쌀(국 | 가슴살(국산),정제수,양배추(국산), | ,마늘,사과퓨레,양조간장,감자,설탕, | 린,청양고추,닭고기조미분말,향미증 | 프리카추출색소2,카레분,정제소금],5 | 옛.L-글루탐산니트륨(향미증진제),정 | 액,가쓰오엑기스,별치액젓,향미중진제 | 계란 | 소비기하 니며 표시일까지 | 异夸丕 | (,,(), | , | ， | - | ,, | 呢 | 밥[쌀(국산),산도조절제]맛앞 | 추(국산),식물성유지,볶은맹 화 | 감자,설탕,닭고기육수,미형 고제토 | 말,향미중진제,영양강화제 후분동 | 정제소금]맛있는 계란국[전e | 중진제),정제소금,변성전분 행 | 향미중진제,후추분 을레오토 | 계란,우유대두밀요고 | 공목보EA | , | ()， | ， | ， | . | 晋号至卫地童20 | 계란 | 소비기한 | 낱면표시일까지 | 컵용기,밥용기,리드 소스파우 | 포장재질 | 맛있는 계란국'폴리에틸렌( | 게메추리알새우토마토오징어쇠고기 | 소비자기본법에 따라 피해 보상·부정 | 직사광선을피하여서늘하고건조한 곳 | 고객상담실:080-024- | 빛컵 | 오뚜기 | uab | 주시회사 | 점x | 1 | n | 충북음성군대소면 | 유간 | 대풍산단로 128 | 呢 | 个 | ，， | Y | ：080-024 | 园 | Ω华J | gYI | A | 计ZH | 128 | 계란우유대두밀고 | 동목보래 | 리드소스파우치- 돌리프로 | 놀리에틸렌(내면)스훈 | 징어쇠고기돼지고기조 | 보상·부정량품 | 건조한 에 보 | 080-024-2311(수N | 정자 | 담갑비 | 晋号至卫地 | 个人- | ( | 卫 | ·点 | 080-024-2311 | 计谐 | 무오 | /(o | k | IA | 의프하FY터Y | 图 | 尼尼五 | (a)0-6 | 最·百位2 0。 | 区 | 컴용기,밥용기리드 소스파우치- 돌리프로 | 포장재질 | 맛했는 계한국 ·달리에털렌(내e)/스 | 계메추리일새우마로오이 | ·소비자기본에에 | 직사광선을피하여 | ( | ·孔，，罩,卫不移 | ·是· | 0Y | 유형 즉석조리식품 | 원료명 맛있는 오뚜기 컵밥[쌀(국산),산도조절제19 | 가슴살(국산),정제수,양배추(국산),식물성유지 복은양g | 夸丕 | ( | (,,( | 유협 즉석조리식품 | 원료명 맛있는 오뚜기 컵밥(쌀(국산),산도조절제1왜았는 | 가슴살(국산),정제수,양배추(국산),식물성유지 본은 | 夸丕 | ( | (,,( | 소비기한 | 낱면 표시일까지 | 키용기,밥용기리드소스파우치-돌리프로 | 포장재질 | 맛있는 계란국·둘리에탈렌(내면)/스 | 게메추리알새우,토마로오어고기되고기조 | -() | ，， | 소비기한 | 밑면 표시일까지 | 키용기발용기리드소스파우치 들리프 | 포장재질 | 맛있는 계한국 달리에털렌(내는)스 | 계메추리알,새우로오이기조 | ， | ( | ，卫不 | IA | 82-720-080:R | 2 0 | 中a-0231 | oIA | 182-20-080:R2L | 影最景是·百20届 | 中qla-00-22-2 | IA | 82-720-080:R | 2 0 | 中a-0231 | oIA | 182-20-080:R2L | 影最景是·百20届 | 中qla-00-22-2 | 기 | 작정기방셋딛기 딛영장위청 연기기 위 | 2조간간위정A분달 | 图运区 | 外品告业号学学牌) | 同 | 작정셋장방기딛컴장 수영제 | U1정R특 | 医 | 外尚告学业口品) | 품목보고번 | 소비기한 | 낱면표시일까지 | 키용기,밥용기리드 소스파우치-돌리프로 | 포장재질 | 맛있는 계란국'올리에틸렌(내면)/스훈 | 기 | 晋号卫 | U | 소비기한 | 품목보고번호 | 밑면표시일까지 | 키용기밥용기리드 소스파우치-돌리프 | 포장재질 | 맛있는 계란국 '놀리에털렌(내면)/스 RE) | C | 晋号卫 | 不棉星 | 옛.L-글루탐산니트 름(향미증진제),정제소금,변성션문 | 액,가즈오액기스,별치액정,향미증진제,후추분 올레오로 | -()， | ,, | 옛,L-글루탐산나트 름(향미증진제),정제소금,변성선문 | 액,가즈오에기스,별치액첫,향미증진제 후추분올레오로 | ,-(), | ,, | 기금원(국신),정제구,항매주(국산),식물정유시,휴은행국혁 | ,마늘,사과퓨레,양조간장,감자,설탕,닭고기육수,미홍,고제로 | 리 원야고초 다고겠지미보마 하미조지재 여야가하재하 | 个合(),含宁，(),，能 | ,.,,,,, | 到日天 | 1금일1국민,장제수,영매주(국산),식물정유시,유은학 2 | 마늘,사과퓨레,양조간장,감자,설탕,닭고기육수미형고재 | 리뭐야고궁 다그시지미보마 하기즈지대 여아가대하 | (),，所()，， | ,,,,, | 1到0天01日天0 | 포상재실 | 맛있는 계란국-폴리에틸렌(4 | 게메추리알새우토마토오징어쇠고기 | ·소비자기본법에 따라피해보상·부정 | ， | ·· R | 포상새질 | 맛있는계란국-폴리에틸렌(4 | 게메추리알새우토마토오징어쇠고기 | 소비자기본법에 따라피해보상·부정 | ，， | 1个 | 게메추리알 새우,토마토 오징어 쇠고기도 | ·소비자기본법에따라피해보상·부정 | 직사광선을피하여서하고건조한 | ,， | 心 上 | 게메추리알, 새우 토마토 오징어 쇠고가도 | 소비자기본법에 따라피해 보상·부정 | 직사광선을피하여서하고건조한 곳 | ，， | . | YIA | -20-080: | · | 圣 恒YK L号Y 拉 号是Y | 394：0-024 | oYIA | e | -20-080:NB | · | 恒Y Y  Y | 可29490-024 | YIA | -20-080: | · | 圣 恒YK L号Y 拉 号是Y | 394：0-024 | oYIA | e | -20-080:NB | · | 恒Y Y  Y | 可29490-024 | ,미글,사과유대,강소건정,김자,실당,널고기육주마항,고스 | 린,청양고추,닭고기조미분말,향미중진제,영양강화제휴책동 | ,可，大叫,，，,婚， | ,, | 미르,사과규대,강조진정,검자,설당,원고기육주미항,고 | 린,청양고추,닭고기조미분말,향미증진제,영양강화지후별통 | ,叫,,,,赠 | ,,, | 프리가주출식조기대문,정세소금]맛있는 계업확기 | 옛,L-글루탐산니름(향미증진제),정제소금변성전분황 | 共体圣同是，名众台众阳气 | ,-() | 프리가주술식소기대문,정세소금맛었는 객보환가 | 옛.L-글루탐산니등(향미증진제).정제소금,변성전분광 | 兰印控斗圣同是，名众台阳 | ,-() | 단,정앙고주,허고기소미운일,양미능선제,영영강화제확문차 | 프리카추출색소7 카레분,정제소금]맛있는 계람국(진 | ,,,, | ， | 단정강고수,원고기소미운널,양미능신제,영영강화재황- | 프리카추출색소 가리분,정제소금]맛있는 계람국(전간? | TLTITNTHITHATEOH | ,,,. | ， | TTITATITUHHATE | 포장재질 | 키용기,밥용기,리드 소스파우치-폴리프로 | 맛있는 계한국,올리에틸렌(내면)/ | ·게메추리알새우로정어 | ·，隔 | 포장재질 | 키용기,밥용기리드,소스파우치-돌리프로 | 맛있는 계한국 달리에탈렌(내면) | ·게메추리일새우토마로오어기지조 | ·소비자기본법에 따라에보상정당 | - | ·，， | · | 포장재질 | ·게로 | ·隔 | 포장재질 | 맛있는 계란국 둘리에틸렌(내면)/스푼 | ·계메리일우로오이 | 고객상담식 | ·， | 징어쇠고기되고 | 보상·부정불당 | 고건조한 곳에 보하 | 卫 | · | 징어고기 | 보상·부정불당통 | 건조한 곳에 보간하W | 四卫星 | 老 | 오유영제축식소리식품 | 맛있는 오뚜기 컵밥[쌀(국 | 원료명 | 기스사(구사시 저제스이배울(구사 | 气舍 | 人 | 요영제축식소리식품 | 원료명맛있는 오뚜기 컵밥[쌀(국 | 기스사(-s저제시o비u울/n나 | 号活 | 7人人/T人O/ | /alole | O | (ah)R0 | 图 | 记是暑昆青·尼百 | anlole | IO | NCH | (ah)Rl0 | 图 | 孔习影暑昆青·尼百 | DYNNEH | 사광선을 피하여 서늘하고 건조한 곳 | 고객상담실:080-024- | 她 | ：080-024- | 우 어의프 | -20-080 | 图号 | 242900:月-024 | 사광선을 피하여 서늘하고 건조한 곳 | 고객상담실:080-024- | 她 | ：080-024- | 우 어의프 | -20-080 | 图号 | 242900:月-024 | 가슴살(국산),정제수,양배추(국산), | 이 나고T기 아지가T 기 | (),,(), | UOTフT | 시ㅂB[열리 | 가슴살(국산),정제수,양배추(국산), | UIITTTTOT | FLH | (),,(), | UTOT",,오뚜기컵밥,0.5433,view2,paddleocr_boost,,OCR_NO_MATCH,,REINSERT
IMG_5197.jpg,오뚜기컵밥,,0,,,오뚜기 | 2천당갈비 | 덮밥 | TEKREAN STLE SPCY CHICKEN | Hk0는국59 | A9E | ECO | nab | 华 | 利ER | STYLESPICYCHICKEN | 5g | Eco | E | 비 | HCKEN | 국59 | E09 | [unlabe | 可 | HICKEN | 5g | Eco | E | 비 | HCKEN | 국59 | E09 | [unlabe | 可 | HICKEN | 5g | Eco | E | HCKEN | 50 | HICKEN | 5g | HCKEN | 국5g | HICKEN | 5g | 국이 | 오뚜기 | H인! | 춘천닭갈비 | 덮밥 | 50 | 牛儿 | CHOI | A利A | 국아 | 오뚜기 | H요! | 2천당갈비 | 덮밥 | tUT | 华儿 | HO! | A | 비 | 可 | 비 | 心 | 순신읽일이 | 덮밥 | TEKCREASTLE SPCY CHCKEN | L스 39맛인는계국59 | 地岂可 | ASTYLESPICYCHICKEN | 5g | 주신읽일이 | 덮밥 | REKIOREASTMLE SPCY CHCKEN | 는국59 | TNAEN | ASTYLESPICYCHICKEN | 05g | AR | OE R | 6k | A | AR | E | k | AI | AR | OE R | 6k | A | AR | E | k | AI | DEKICREAN STLE SPCY CHICKEN | 59 | ASTYLESPICYCHICKEN | 5g | ETHOEAN STME SPCY CHICKEN | 국59 | ASTYLESPICYCHICKEN | 5g | DEKICREAN STLE SPCY CHICKEN | 59 | ASTYLESPICYCHICKEN | 5g | ETHOEAN STME SPCY CHICKEN | 국59 | ASTYLESPICYCHICKEN | 5g | ECO | [unlabe | Eco | E | ECO | Eco | 오뚜기 | 华刀儿 | 오뚜기 | 华儿 | HCKEN | 국5g | HICKEN | 5g | HCKEN | 국50 | HICKEN | 25g | HCKEN | 국5g | HICKEN | 5g | HCKEN | 59 | HICKEN | 25g | HCKEN | HICKEN | 150 | HICKEN | HICKEN | 15a | HCKEN | HICKEN | 150 | HICKEN | HICKEN | 15a | [Unlabe | E | [Unlabe | E | WONC | 350 | HICKEN | 5g | INC | 50 | MOKEN | 25g,,오뚜기컵밥,0.2222,view1,paddleocr_boost,,OCR_NO_MATCH,,REINSERT
IMG_5198.jpg,오뚜기컵밥,,1,801005892238,,"만있느 | X | 조리방법 | 전자데인지 조리 | 것있는 | 2본 | 계란국 | 전자레인지조리시간 | 700W | 24 | 1,000w | 120 | 들어있어오 | MR | 용어 쓰스와 오투기법을 개봉하여 널고 전자례인자용 덮게나 잡을 씨워 데운 후 잘 비버서 맛았게 드록 | 프 4가 명으니 소를 면째 벗고 오기을 낮으싶시오""자인지 조리 후 용기가 뜨거우니 조장 | 260 | 뚜입는 계란국 | *밥을 열어낸 법 용기에 계란국 불록 | 150m | 공는물 150m를 못고에 드시 | 22 | 1는 들 조리 | ""계한국 조리시 들는이 를 수 했으니 조상하심시오 | .는 물에 오기법 그대로동안 | 용기 | 소스봉지 그패로 동안 데우세요 | 2.용기데 데운 오뚜기법과 소스를 | 넣고 잘 비벼서 맛있게 드세요 | Q뚜기 | molle | HACCP | O0KS0 | 다있다! | 8801045892238 | 0101L | 女 | FTRI2Y | 火众亡 | 2 | 700W | 2 | 1,000W | 120 | 14% | 240 | 电号 | 7 | 150ml | 量150m卫 | 22% | 能 | 想    U | 车槽程 | 87 | 2. | 华 | mall | HACCP | O7OK OOSN | 8801045892238 | 방있는 계란국 | *밥을 떨어낸 법 용가에 계란국 불툭? | 공는물 150m를 못고1본 3에 드45 | 끌는 물조리 | '계한국 조리시 플는흡이 를 수 했요니 조상하싱시오 | 용기 | 1.플는 물에 오후기발 그대로 2분 동안 | 소스봉지 그패로 2분 동안 데우세요 | 2.용기데 데운 오뚜기밥과 소스를 | 넣고 잘 비버서 맛있게 드세요 | Q기 | mollre | UEcPE | HACCP | 다있다 | 8801045892238 | 量150ml灵卫 | 能型 | 87 | 1. 空车792 | 2. | 华 | Mall | UOAPRI | HACCP | 8801045892238 | 방있는 계란국 | *밥을 떨어낸 법 용가에 계란국 불툭? | 공는물 150m를 못고1본 3에 드45 | 끌는 물조리 | '계한국 조리시 플는흡이 를 수 했요니 조상하싱시오 | 용기 | 1.플는 물에 오후기발 그대로 2분 동안 | 소스봉지 그패로 2분 동안 데우세요 | 2.용기데 데운 오뚜기밥과 소스를 | 넣고 잘 비버서 맛있게 드세요 | Q기 | mollre | UEcPE | HACCP | 다있다 | 8801045892238 | 量150ml灵卫 | 能型 | 87 | 1. 空车792 | 2. | 华 | Mall | UOAPRI | HACCP | 8801045892238 | A | 방있는 계린국 | 1본 | 150 | 끝는 물조리 | 2분 | 플는 물에 오후기법 그대로 2분 동안 | 스봉지 그패로2분 동안 데우세요 | Q기 | molle | UcPe | HACCP | 号 | 1 | 150 | 酷晶型 | 2 | 车 | 华力 | Mall | UeRe | HACCP | *밥을 떨어낸 법 용가에 계란국 불? | 공는물 150m를 못고 1본 3에 드45 | '계한국 조리시 플는특이 를 수 했요니 조상하심시오 | 용기 | 2분 동안, | 2.용기데 데운 오뚜기법과 소스를 | 높우세요 | 넣고 잘 비버서 맛있게 드세요 | 量150m灵卫 | 87 | 2 | 2. | H豆 | Q뚜기 | mollre | 번번aPe | MACCP | 다있다! | 88 | 华刀 | Mall | UAPRe | HACCP | 880 | 넣고 잘 비버서 맛있게 드세요 | 8801045992238 | 8801045892238 | 8801045892238 | 8801045892238 | 8801045892238 | 8801045892238 | 8801045892238 | 8801045892238 | 8801045892238 | 8801045892238 | 플는 물에 오두기법 그대로 2분 동안, | TA | 소스봉지 그패로 2분 동안 데우세요 | 能车僧9 | 04 | 는 월에 오기발 그대로12부동안 | T | 스생지 그패로2분 동안 데우세요 | 车92 | 04 | 1.끌는 물에 오뚜기법 그대로 12분 동안 | Dy | 소스봉지 그패로2분 동안 데우세요 | 2.용기에 | 넣고 직 | 1.车9 | 04 | 2.8 | 卫圣 | 는 물대 오기발 그대로2분동안 | TA | 스생지 그패로2분 동안 데우세요 | 2용기에 | 넣고 직 | 别2车7192 | 04 | 2.8 | 卫 | 1.끌는 물에 오뚜기법 그대로 12분 동안 | Dy | 소스봉지 그패로2분 동안 데우세요 | 2.용기에 | 넣고 직 | 1.车9 | 04 | 2.8 | 卫圣 | 는 물대 오기발 그대로2분동안 | TA | 스생지 그패로2분 동안 데우세요 | 2용기에 | 넣고 직 | 别2车7192 | 04 | 2.8 | 卫 | 는 물대 오후기발 그대로 2털 동안, | TA | 소스봉지 그패로2분 동안 데우세요 | 别车 | 04 | 는에 오루기발 그대로 12분동안 | 소스생지 그패로 2분 동안 데우세요 | aI | 能别车槽程 | ar | 계란국 | 들어있어요 | 맛있는 | 계란국 | 들어있어요 | OOLE | 0 | 2분동안, | 2.용기에 데운 오뚜기법과 소스를 | 우세요 | 넣고 작 비버서 마이게 ㄷ세이 | 2.空丛 | HH豆 | 2분동안 | 2용기에 데운 오뚜기밥과 소스를 | 우세요 | 넘고 작 비버H 마이게 C세O | 2 | 2.8年丛 | HHO | 2분동안, | 2.용기에 데운 오뚜기법과 소스를 | 우세요 | 넣고 작 비버서 마이게 ㄷ세이 | 2.空丛 | HH豆 | 2분동안 | 2용기에 데운 오뚜기밥과 소스를 | 우세요 | 넘고 작 비버H 마이게 C세O | 2 | 2.8年丛 | HHO | 플는 물에 오후기발 그대로 2 동안 | T4 | 소스봉지 그패로 2분 동안 데우세요 | 2. | 융 | 녕 | 能别车程 | 04 | 2. | 0 | 制工 | 는물에 오후기법발 그대로 12분동안 | 스생지 그패로 2분동안 데우세요 | 2 | 8 | 녕 | 能别车槽程 | 2. | 80 | 0 | ""밥을 떨어낸 법 용가에 계란국 블록? | ""밥을 떨어낸 법 용가에 계란국 불록? | 7 | 법을 덜에겐 업 중가에 기한국 | 150ml | 공는물 150m를 못고토 에 드4 | 9MEOMAEA | 150ml | 150m灵 | 합을 9M원 HSM2EI | 15om | 공는물 15m를 못고1문 에드시 | HOSMOAOMAOEE | 150ml | 彩量150m量灵卫 | 법을 덜에겐 업 중가에 기한국 | 150ml | 공는물 150m를 못고토 에 드4 | 9MEOMAEA | 150ml | 150m灵 | 합을 9M원 HSM2EI | 15om | 공는물 15m를 못고1문 에드시 | HOSMOAOMAOEE | 150ml | 彩量150m量灵卫 | 12분동안 | ·2.용기에 데운 오뚜기밥과 소스를 | 데우세요 | 넣고 잘 비버서 마이게 ㄷ세요 | 2. | H | 12분 동안 2 용기대 데운 오루기법과 소 | 데우세요 | 넘고 잘 비배H 마이게 ㄷ세요 | 2. | HH | 공가대 대운 포무가길과 조를 | 1요 | 넣고 잘 비벼서 맛있게 드세요 | 创科托空华拍丛线 | 悦 | 到卫到 | 자대대운오가N과 조 | 1요 | 넣고 잘 비버서 맛있게 드세요 | 科轮科 | 8 | 卫 | 150ml | 공는물 150m를 못고 토 ?에 드45 | 150ml | 量150m灵 | 법을 9어원 업 등가  자8국 | 15om | 공는물 150n를 못고1문 에 드시5 | 4 | 150ml | 彩150m灵虹 | '한국 조리시 플는이 틀수 있으니 조상해성시오 | 국 조리지 플이 수 평니 조생 상시오 | 들어있 | M | 에쓰스의오기법을 개봉하여 널고 전자레인지용 덮나 을 찍의 데운 후잘 비버서 맛있게 드 | 号00 | 1% | 들어요 | W | 스의오두개을 개봉하여 널고 전자레인지덮게나 을 찍워 데은 후잘 비버서맛있 드 | 号010 | % | 제민국 | 들어있어요 | 4민국 | 들어있어요 | A | a면대 | SNPNL | P号 | WSPOL | ""밥을 떨어낸 법 용가에 계란국 불특? | 9  7 | WN | 동기대 소스와 오두기법을 개용하여 널고 전자례인자용 덮게나 | 를 | 6 | 7 | 神丛鲜槽醒喜冒卫大同风居县相 | 司 | 湖 | WN | 동매 쓰과 모투기업을 개봉하여 널고 전자례인자용 | 덮게나 | 나우후 | 비려서 | 를 | 6 | 1470 | 丛年鲜量喜冒卫风居 | 94 | 轻草 | BEA | N | 湖 | ""관국 조리시 플는 이 틀수 있으니 조심하성시오 | 국 조리시 플이 수 평의니 생상시오 | 다있는 계란국 | 号 | 계린국 | 电号 | 끌는 물에 오뚜기밥 그대로 2택 동안. | 소스봉지 그대로 2팀 동안 데우세요 | 2.용기 | 넣고 잘 | 车 | 2.8 | 卫烈 | 끝는 물에 오뚜기발 그대로 12분 동안 | DA | 소스봉지 그패로2분 동안 데우세요 | 2.용기에 | 넣고 잘 | 车 | 04 | 2.8 | 卫烈",,칸타타,0.5714,03_칸타타,paddleocr_boost,,OCR_NO_MATCH,,REINSERT
IMG_5206.jpg,프링글스,,1,8886467100017,프링글스,"PRINGPA | ORIGINAL | CRTATO | K14631 | 88864671110001711> | 제품명: | 내용량 | SRSY | PRINGLE | ORIGINAL | POTATO PTS | K14631 | 8886467100017> | 48 | 國 | ORIGINAL | K14631 | 8 | <4100011979881 | 제품명 | 내용량 | 프K | ORIGINAL | K14631 | 8 | 8860110017 | 4号0 | ORIGINAL | K14631 | 8 | <4100011979881 | 제품명 | 내용량 | 프K | ORIGINAL | K14631 | 8 | 8860110017 | 4号0 | ORIGINAL | ORIGINAL | K14631 | 88864671000171> | SS | K146310 | 8886467100017> | 医 | 제품명 | 내용량 | 刘 | 48 | K14631 | 8 | 886467*1000171> | Sy | K14631 | 8 | ""886467100017> | 医 | K14631 | 88864671110001717 | S | K14631 | 8886467100017> | 医 | K14631 | 8 | 886467*1000171> | Sy | K14631 | 8 | ""886467100017> | 医 | K14631 | 88864671110001717 | S | K14631 | 8886467100017> | 医 | PRNGL | C | ORIGINAL | POTATO | CRISPS | PRINGLE | SS | ORIGINAL | POTATO | CRISPS | PRINGI | B | ORIGINAL | POTATO | CRISPS | PRINGLE | SS | ORIGINAL | POTATO | CRISPS | PRNGL | C | ORIGINAL | POTATO | CRISPS | PRINGLE | SS | ORIGINAL | POTATO | CRISPS | PRINGI | B | ORIGINAL | POTATO | CRISPS | PRINGLE | SS | ORIGINAL | POTATO | CRISPS | K14631 | 8 | 9801009119988< | K146316 | 8 | 8800618606771 | K14631 | 8 | 40000914979881 | K146316 | 8 | 18860640717 | K14631 | 8 | 9801009119988< | K146316 | 8 | 8800618606771 | K14631 | 8 | 40000914979881 | K146316 | 8 | 18860640717 | ORIGINAL | ORIGINAL | ORIGINAL | ORIGINAL | K14631 | 8 | 886467/10001711> | K146310 | 8 | 886467100017> | K14631 | 8 | 88646711000171> | ARY | K146316 | 8 | 886467100017> | 园 | K14631 | 8 | K146316 | 8 | K146310 | 8 | K146310 | 8 | K14631 | 8 | K146316 | 8 | K146310 | 8 | K146310 | 8 | 제품명 | 내용령 | 刘 | 48 | 제품명:포 | 내용량 | ： | 4号 | SS | 國 | S | 國 | 제품명:포K | 내용량 | ： | 4号 | 제품명:K | 내용량 | 48 | 제품명:포K | 내용량 | ： | 4号 | 제품명:K | 내용량 | 48 | POTATO | CRiSPS | POTATO | CRISPS | POTATO | CRISPS | POTATO | CRISPS | POTATO | CRiSPS | POTATO | CRISPS | POTATO | CRISPS | POTATO | CRISPS | 제품명: 포K | 내용량 | ： | 4号营：16 | 제품명: 포K | 내용랑 | 4号0：10 | S | 國 | ARY | 國 | 8 | 8 | 8 | 8",프링글스,프링글스,0.9688,view3,paddleocr_boost,,CONFIRMED,프링글스,CONFIRMED
IMG_5211.jpg,프링글스,,0,,,K | Y | 참유 | JOYIOR | 영양정보 | 0 | B0il | 厦 | oF | 哲 | Holylok | 音“局 | 1o0 3 kc | 号10 | 참유 | 서우오정어 | 김은제조시설G | 장재질:리에 | 원신지:말레이시아 | 전공상태에서 질소 중 | 소비자상담실 문의:080-023- | 부청물량식품 신고는 국번없이 130 | 异 | 2人 | 0l0 | -2 | 園 | 참유 | 서우오정어 | 김은제조시설G | 장재질:리에 | 원신지:말레이시아 | 전공상태에서 질소 중 | 소비자상담실 문의:080-023- | 부청물량식품 신고는 국번없이 130 | 异 | 2人 | 0l0 | -2 | 園 | K | E1 ㅋ | -520-08 | 图 | 000-23 | Nnarateh | 4 | HADI | RR간 | 식 | a0 | rirrio | H | <} | ORa | 일참유 | AYK | 1 발경이 극간 | 220-080:1 | OIYIORB | Jo2 | OY | NZ | 居器品点 | CHA | 五 | &行2 | A | 00 | rirrio | 以 | 之 | 7 | 次亡 | ora | 兽品花百 | O企 | R | 0:0-023- | 易 | olylok | 1012 | 便业民民 | ·해좋은 손비자분정해 | 신지:말레이시어 | 플리에 | 고한또는 보상받을 수있습 | 소비자상담실 운의:080-023 | 한품그련장소:구입처 | 부정물량식품 신고는 국번없이 130 | Qly | 139 | 区 | OYIORB:IYR | 102 | -C20-080 | 는 | olylok居： | 1012 | 是8文喜品百号五 | 2-080号号 | 2 | 医 | OIYIORB: | J2M | C20-080: | 입름고원장소:구입처 | 부정물량식품 신고는 국번없이 130 | ylok器： | 1012：皮肤 | 跟l | 易佰文鲁宿尼百号五 | R119号号：08023 | OIYIORB:YR | 2MR | EN | HI | R | 이는 ㅋ | olylok话： | 1012：酸 | Rly | 2&Rで | OIYIORB: | J2M | C20-080: | 입름고원장소:구입처 | 부정물량식품 신고는 국번없이 130 | ylok器： | 1012：皮肤 | 跟l | 易佰文鲁宿尼百号五 | R119号号：08023 | OIYIORB:YR | 2MR | EN | HI | R | 이는 ㅋ | olylok话： | 1012：酸 | Rly | 2&Rで | BRNIR | 일8 | ERIO | YIORB:IYR | EY | 尼号R位R | 宿得百号五 | 吧 | 限金 | 星10 | ylok器： | RBRNIRT | 2 | YMOR | YIORB:R | 良BR拉RT | Y | 配面器 | O2 | r | ylok器： | 고원장소:구입처 | 신고는 국번없 | V | 卫市 | J | 유급는 극간류 | 正R | 고원장소:구입처 | 신고는 국번없 | V | 卫市 | J | 유급는 극간류 | 正R | 6 | 장 | 유논 극감구 높수 | IR | 四外 | 易花喜品行百号 | he | 2 | N | 는 극지겨 | IA | n | 易花号品百号 | 6 | 장 | 유논 극감구 높수 | IR | 四外 | 易花喜品行百号 | he | 2 | N | 는 극지겨 | IA | n | 易花号品百号 | 시설C | KS | 플리에 | 말레이시아 | rir | HA | 보 | 소 | 구입 | 圣 | H | OlYloR | rir | HA | 足 | 企 | 701 | Wy | 말레이시아 | H | OaI | 또 | { | rir | HI | 소 | 구0 | 수 | H | OlYlR6 | 以 | 号 | 华 | > | rir | H | 全 | 701 | 个 | El 이제 극 | -520-00 | 1 | 800-23 | E1IOE | -020-00 | 0108 | 000-23 | +0 | 오징어 | 제조시설G | 재질 | 용리에 | 말레이시아 | $ | 보상 | rir | 10 | 人 | AN | olYyloR8 | 5 | rir | +0 | 오징어 | 제조시설G | 재질 | 용리에 | 말레이시아 | $ | 보상 | rir | 10 | 人 | AN | olYyloR8 | 5 | rir | K | 图 | 图 | 오정어 | 리에 | 알레이시아 | 또는보시 | 소비자 | 23101 | olYloR | 全 | 오정어 | 10 | 알레이시아 | 소비자 | 0 | OO | olyloR | 서우 | 오정어 | 제조 | 시설G | KI | 리에 | 상태에서 | 알레이 | 49 | 201 | 圣 | M | H | YHOHA | YloR | 이제용 | 정어 | H0 | 제조시설G | HS | 리에 | 알레이 | 개은 | 0 | 20 | 10 | 人 | H | YOR | 话 | :YN | 시설 | OIYIORB | 3: | M | olylok | H | IAT | '0 | o | V | OlYIORS | H | jA | No | 02 | A | olylok | :YN | 시설 | OIYIORB | 3: | M | olylok | H | IAT | '0 | o | V | OlYIORS | H | jA | No | 02 | A | olylok | OIYIOR | RZ | olylok | irrio | Irrio | 品 | %6 | Jamw | 3616829H | 2 | 00 | N | BolH | %6 | 和服 | 628919% | 913982 | 6060首名 | 1o0 3kc | 号号10 | %6 | Un | 3%616829 | 1 | 5060 | E | BOH | %6 | 和服场 | 628919% | 913982 | 6060首名 | 1o0  c | 0号h | 참유 | 이제품 | X | +0 | 제조 | 시설C | AI | 지i | 2 | 01 | 二 | 10 | 圣 | H | H | 灯 | 起 | 참유 | 8 | 2 | 10 | 제조 | H | 1 | X | 哲异 | 10 | 2 | 10 | 科圣 | H | T | X | O | rirr | 1 | M | 员 | 居器品古 | H | rirr | 4 | H | O2 | OAY | rirr | 品 | 福 | 长额 | firr | T방 123g 82 % | g 19%당0g0% | 100 g 당 523 kcal | 내용령 110g | 123g82% | g19%50g0% | 100g523 kcal | 48110g | T병 123g 82 4 | g190g0 | 100 g 당 523 kcal | 총내용령 110g | 123g82% | g19%8#0g0% | 100 g523 kcal | 48110g | T방 123g 82 % | g 19%당0g0% | 100 g 당 523 kcal | 내용령 110g | 123g82% | g19%50g0% | 100g523 kcal | 48110g | T병 123g 82 4 | g190g0 | 100 g 당 523 kcal | 총내용령 110g | 123g82% | g19%8#0g0% | 100 g523 kcal | 48110g | VxIYK | OIYIORO | H02:N | EY | M金 | olylok | 1012 | y | YxIYK | OYloRio | 102:N | E | M | olylok： | 1012 | D民ly,,오레오,0.2893,view5,paddleocr_boost,,OCR_NO_MATCH,,REINSERT
